id,first_name,last_name,phone_number,email
1,Владлен,Кузьмин,+7 (975) 129 46-23,evstigne_14@gmail.com
2,Андрей,Русаков,+7 (964) 205 97-94,kuznetsovevgeni@mail.ru
3,Флорентин,Шаров,+7 (922) 499 39-02,ignatevaantonina@gmail.com
4,Чеслав,Сергеев,+7 (948) 523 03-74,porfiri_31@rambler.ru
5,Савва,Коновалов,+7 (970) 874 84-91,karlmuravev@yandex.ru
6,Милен,Брагин,+7 (954) 445 47-74,chernovnestor@yahoo.com
7,Мокей,Корнилов,+7 (936) 429 20-35,jakushevaninel@hotmail.com
8,Моисей,Зыков,+7 (969) 813 02-07,hvorobev@yahoo.com
9,Евгений,Мишин,+7 (965) 487 28-49,voronovzahar@hotmail.com
10,Гаврила,Владимиров,+7 (911) 230 04-80,jakushevavasilisa@rambler.ru
11,Максим,Авдеев,+7 (977) 508 54-64,egorovjuvenali@gmail.com
12,Борислав,Журавлев,+7 (998) 224 16-59,anna27@hotmail.com
13,Демьян,Игнатов,+7 (924) 133 95-69,danilovmihe@mail.ru
14,Галактион,Герасимов,+7 (916) 864 96-13,gorbachevrjurik@hotmail.com
15,Ипполит,Белозеров,+7 (965) 365 43-87,krasilnikovsemen@yandex.ru
16,Георгий,Большаков,+7 (943) 390 61-46,sofija_2022@mail.ru
17,Вадим,Третьяков,+7 (929) 889 76-64,sharovaskold@mail.ru
18,Олимпий,Савин,+7 (972) 380 94-76,qaksenov@rambler.ru
19,Вячеслав,Гусев,+7 (946) 824 21-93,bogdanovapraskovja@rambler.ru
20,Чеслав,Третьяков,+7 (919) 217 58-86,sigizmund_91@mail.ru
21,Климент,Жданов,+7 (991) 350 53-79,agafonovermil@yahoo.com
22,Фока,Доронин,+7 (995) 717 07-25,lora_75@yandex.ru
23,Амос,Суворов,+7 (996) 946 92-68,anisim37@rambler.ru
24,Аггей,Сазонов,+7 (954) 843 08-86,ezaharov@rambler.ru
25,Мариан,Орлов,+7 (956) 365 14-47,frol_16@hotmail.com
26,Аверкий,Герасимов,+7 (989) 930 03-32,taisija1990@gmail.com
27,Ипатий,Красильников,+7 (955) 127 21-10,sofija2020@rambler.ru
28,Савва,Панов,+7 (936) 899 38-84,pilin@hotmail.com
29,Мир,Борисов,+7 (941) 497 12-89,valeri73@gmail.com
30,Климент,Баранов,+7 (962) 136 46-06,kozlovmstislav@yandex.ru
31,Григорий,Беспалов,+7 (994) 326 81-34,ukuzmin@yahoo.com
32,Исидор,Блинов,+7 (944) 336 63-23,bolshakovamaja@yandex.ru
33,Натан,Осипов,+7 (927) 529 27-44,chernovsigizmund@rambler.ru
34,Спиридон,Одинцов,+7 (924) 862 85-36,nikiforkolobov@mail.ru
35,Добромысл,Казаков,+7 (934) 641 44-52,mili_03@mail.ru
36,Гремислав,Сорокин,+7 (948) 443 03-07,lbikova@hotmail.com
37,Игорь,Вишняков,+7 (936) 725 81-92,krjukovdemid@gmail.com
38,Натан,Филиппов,+7 (903) 562 02-31,fedoseevjakov@yahoo.com
39,Святополк,Панфилов,+7 (973) 406 14-98,denisovbogdan@gmail.com
40,Милан,Александров,+7 (936) 941 81-66,kapustinaregina@yahoo.com
41,Эмиль,Шаров,+7 (928) 384 16-30,trofimfomin@hotmail.com
42,Павел,Ширяев,+7 (935) 423 33-82,vladlendanilov@mail.ru
43,Измаил,Рожков,+7 (964) 990 23-46,zikovvasili@yahoo.com
44,Юрий,Комаров,+7 (955) 952 93-00,afrolov@gmail.com
45,Сила,Селиверстов,+7 (992) 235 83-99,eduard20@gmail.com
46,Борис,Артемьев,+7 (900) 900 31-34,feoktist1992@yahoo.com
47,Никита,Кузьмин,+7 (934) 447 72-16,pelageja_1983@gmail.com
48,Куприян,Панфилов,+7 (961) 465 46-20,alina62@mail.ru
49,Егор,Сазонов,+7 (991) 556 32-35,ipat56@gmail.com
50,Мартьян,Филатов,+7 (973) 558 90-01,viktorinnesterov@gmail.com
51,Виталий,Зуев,+7 (965) 480 46-71,elise_2018@hotmail.com
52,Карл,Федотов,+7 (964) 969 16-49,fomasobolev@hotmail.com
53,Федор,Исаев,+7 (936) 610 98-90,loginovkornil@mail.ru
54,Ян,Якушев,+7 (972) 977 00-78,shubinemmanuil@yandex.ru
55,Аникей,Меркушев,+7 (965) 146 21-51,seliverst_1985@yandex.ru
56,Роман,Шубин,+7 (994) 955 77-50,fedosi_20@mail.ru
57,Изот,Федосеев,+7 (992) 212 23-72,olga75@mail.ru
58,Митофан,Гусев,+7 (917) 983 49-57,gromovstepan@rambler.ru
59,Мартын,Миронов,+7 (918) 479 33-71,anastasija_2020@rambler.ru
60,Осип,Евсеев,+7 (942) 139 93-11,nikiforovaevdokija@yahoo.com
61,Гедеон,Суворов,+7 (911) 126 50-28,lihachevanatalja@yahoo.com
62,Владлен,Маслов,+7 (950) 802 36-66,ilinaolimpiada@gmail.com
63,Евсей,Харитонов,+7 (937) 612 33-67,lidija20@gmail.com
64,Радован,Кононов,+7 (929) 438 77-10,bfadeeva@rambler.ru
65,Феликс,Федотов,+7 (956) 932 42-38,viktor31@gmail.com
66,Спиридон,Романов,+7 (921) 846 79-47,trifon_38@yandex.ru
67,Лазарь,Авдеев,+7 (994) 464 75-57,izmail_96@yahoo.com
68,Герасим,Панов,+7 (925) 933 47-67,agafongavrilov@yahoo.com
69,Юлиан,Гусев,+7 (968) 881 27-35,evgenija_79@yandex.ru
70,Фортунат,Зайцев,+7 (936) 278 91-10,mamontovmark@rambler.ru
71,Яков,Елисеев,+7 (985) 743 15-65,ruslanseliverstov@gmail.com
72,Леон,Ершов,+7 (981) 674 45-57,haritonovsigizmund@yandex.ru
73,Болеслав,Кулаков,+7 (992) 666 24-96,iefremova@rambler.ru
74,Фома,Крылов,+7 (950) 161 38-21,korolevemeljan@yandex.ru
75,Осип,Фомин,+7 (947) 826 35-72,feliks_40@yahoo.com
76,Сидор,Кононов,+7 (913) 152 50-60,ksharova@yandex.ru
77,Варфоломей,Уваров,+7 (978) 798 69-72,onufrisisoev@hotmail.com
78,Демьян,Муравьев,+7 (972) 469 56-65,ignati_70@yahoo.com
79,Велимир,Уваров,+7 (947) 336 17-29,evpraksija_10@hotmail.com
80,Аверьян,Костин,+7 (952) 347 56-29,irina2013@gmail.com
81,Мирослав,Ковалев,+7 (926) 914 65-21,andronsobolev@gmail.com
82,Валерий,Авдеев,+7 (917) 915 57-86,demjan1995@yahoo.com
83,Касьян,Костин,+7 (963) 211 55-96,kondrati_65@rambler.ru
84,Аникита,Козлов,+7 (983) 909 12-87,petuhovustin@gmail.com
85,Аким,Лазарев,+7 (987) 471 15-56,nifontbobrov@yahoo.com
86,Кирилл,Артемьев,+7 (916) 348 07-34,nikolaevuljan@mail.ru
87,Андрей,Моисеев,+7 (966) 615 24-00,miron1997@rambler.ru
88,Казимир,Чернов,+7 (975) 407 05-39,jovchinnikov@hotmail.com
89,Ипат,Рябов,+7 (945) 759 40-47,polikarp_91@mail.ru
90,Олег,Николаев,+7 (986) 604 73-14,nifontmarkov@mail.ru
91,Август,Быков,+7 (905) 775 66-82,narkis39@yandex.ru
92,Трифон,Горбунов,+7 (908) 437 64-73,ustinovegor@rambler.ru
93,Иван,Мясников,+7 (992) 934 15-97,suhanovleonti@mail.ru
94,Максим,Соловьев,+7 (978) 534 43-55,rkopilov@yandex.ru
95,Клавдий,Захаров,+7 (960) 880 09-20,efimovboris@gmail.com
96,Исай,Поляков,+7 (961) 933 02-31,naina13@gmail.com
97,Петр,Блинов,+7 (952) 128 54-17,jaropolk2021@hotmail.com
98,Юлиан,Лихачев,+7 (977) 328 35-20,ostromir25@gmail.com
99,Руслан,Гришин,+7 (980) 539 49-07,rjurik_1993@yandex.ru
100,Вячеслав,Корнилов,+7 (956) 462 49-81,gordekalashnikov@rambler.ru
101,Добромысл,Соболев,+7 (948) 303 13-03,tvorimir52@hotmail.com
102,Чеслав,Белозеров,+7 (960) 124 04-39,modest04@yandex.ru
103,Макар,Тимофеев,+7 (969) 614 04-50,makar10@rambler.ru
104,Епифан,Александров,+7 (999) 369 52-60,terenti1974@gmail.com
105,Наркис,Овчинников,+7 (909) 204 65-91,gleb63@yahoo.com
106,Симон,Миронов,+7 (923) 254 81-87,tit1987@hotmail.com
107,Егор,Попов,+7 (997) 475 98-72,kuprijan1993@mail.ru
108,Тарас,Муравьев,+7 (965) 750 59-76,evgenija_84@hotmail.com
109,Степан,Ситников,+7 (975) 492 21-84,simon1970@mail.ru
110,Севастьян,Константинов,+7 (979) 584 07-13,davidovaviktorija@yahoo.com
111,Валентин,Лобанов,+7 (942) 191 21-99,olga06@yandex.ru
112,Христофор,Шилов,+7 (901) 516 65-32,militsa_1970@rambler.ru
113,Харлампий,Селезнев,+7 (948) 610 08-91,arhipovvsemil@yahoo.com
114,Панфил,Костин,+7 (981) 118 25-95,bogdanovradovan@gmail.com
115,Гостомысл,Рожков,+7 (929) 160 11-66,gorshkovisidor@hotmail.com
116,Адам,Симонов,+7 (975) 380 14-93,anatoli1988@gmail.com
117,Данила,Панов,+7 (989) 123 33-38,irakliguljaev@gmail.com
118,Владилен,Волков,+7 (903) 331 88-38,emil_45@hotmail.com
119,Глеб,Пономарев,+7 (915) 877 21-35,trofim2001@yahoo.com
120,Всемил,Фомин,+7 (920) 770 67-02,ruslanveselov@gmail.com
121,Ипатий,Потапов,+7 (957) 607 38-39,pgolubeva@gmail.com
122,Фома,Рогов,+7 (935) 676 65-49,akulina1986@hotmail.com
123,Святослав,Лукин,+7 (978) 356 74-17,maja42@yandex.ru
124,Михаил,Зайцев,+7 (906) 283 86-69,popovaelena@yahoo.com
125,Ерофей,Суворов,+7 (971) 929 41-88,pavlovaninel@yandex.ru
126,Ипат,Денисов,+7 (983) 493 02-55,aksenovrostislav@rambler.ru
127,Андроник,Яковлев,+7 (950) 557 12-63,jaroslav_79@yahoo.com
128,Натан,Лобанов,+7 (997) 955 46-86,stepanovkim@mail.ru
129,Антонин,Горшков,+7 (949) 534 24-47,oktjabrina_2019@rambler.ru
130,Болеслав,Давыдов,+7 (949) 761 02-83,ignatevaklavdija@gmail.com
131,Онуфрий,Гришин,+7 (938) 986 96-04,mechislav_54@mail.ru
132,Богдан,Горбачев,+7 (964) 791 19-68,ffrolov@gmail.com
133,Севастьян,Абрамов,+7 (941) 520 62-90,fade_11@mail.ru
134,Матвей,Осипов,+7 (949) 547 21-07,julija_1974@hotmail.com
135,Никон,Суворов,+7 (919) 563 79-12,sergeevaninel@hotmail.com
136,Виктор,Захаров,+7 (901) 470 54-57,vasilevfortunat@rambler.ru
137,Устин,Соловьев,+7 (980) 867 31-62,nikolaevvelimir@yahoo.com
138,Твердислав,Туров,+7 (941) 215 70-29,kulakovaalla@rambler.ru
139,Селиверст,Сергеев,+7 (932) 340 05-45,blinovalekse@rambler.ru
140,Евстафий,Борисов,+7 (974) 209 24-24,apollinaripavlov@gmail.com
141,Арсений,Терентьев,+7 (996) 320 98-03,komarovairina@rambler.ru
142,Севастьян,Терентьев,+7 (928) 522 46-74,radovan11@hotmail.com
143,Галактион,Пахомов,+7 (967) 581 99-27,kudrjavtsevasinklitikija@hotmail.com
144,Милан,Игнатьев,+7 (900) 809 54-45,bronislavsmirnov@yandex.ru
145,Савватий,Игнатьев,+7 (939) 587 69-71,hkuzmina@yahoo.com
146,Остромир,Филатов,+7 (981) 945 06-96,beljakovpotap@mail.ru
147,Варлаам,Захаров,+7 (994) 648 59-96,ykoroleva@yahoo.com
148,Егор,Пахомов,+7 (969) 390 06-47,guljaevavksenti@mail.ru
149,Пахом,Воробьев,+7 (930) 599 05-08,filatovafevronija@mail.ru
150,Сократ,Красильников,+7 (909) 976 48-07,antonin88@gmail.com
151,Азарий,Беляков,+7 (971) 366 69-45,gromovanisim@yahoo.com
152,Наум,Кудряшов,+7 (909) 500 18-00,nazarovkir@yandex.ru
153,Венедикт,Осипов,+7 (954) 433 04-79,shilovferapont@hotmail.com
154,Андрей,Суханов,+7 (963) 295 92-28,ipatblinov@yahoo.com
155,Изот,Рогов,+7 (964) 615 71-60,prohorovmartjan@rambler.ru
156,Матвей,Колобов,+7 (907) 614 09-35,evpraksija07@mail.ru
157,Иларион,Корнилов,+7 (909) 511 55-21,avtonom08@gmail.com
158,Модест,Жданов,+7 (934) 316 66-62,vsisoeva@mail.ru
159,Ладислав,Кошелев,+7 (964) 440 05-66,apollinari_06@hotmail.com
160,Валерий,Евсеев,+7 (919) 370 72-15,umakarov@mail.ru
161,Потап,Ермаков,+7 (959) 932 61-13,efim1973@mail.ru
162,Амос,Ковалев,+7 (940) 715 82-76,karpnikonov@mail.ru
163,Любомир,Лобанов,+7 (917) 267 47-64,vladilenzhuravlev@mail.ru
164,Милан,Жданов,+7 (976) 346 58-05,mjasnikovdanila@yandex.ru
165,Прохор,Ефимов,+7 (967) 345 37-87,amos2006@mail.ru
166,Куприян,Григорьев,+7 (916) 327 48-82,evsepestov@mail.ru
167,Аникей,Орехов,+7 (991) 525 05-88,seliverst47@hotmail.com
168,Севастьян,Марков,+7 (931) 132 35-55,lukjan17@rambler.ru
169,Феликс,Комаров,+7 (979) 798 03-47,poljakovmir@hotmail.com
170,Арефий,Кудряшов,+7 (998) 133 60-16,doroferomanov@mail.ru
171,Арефий,Карпов,+7 (974) 320 45-11,ija60@hotmail.com
172,Евгений,Кошелев,+7 (981) 803 07-73,velimir_61@hotmail.com
173,Вышеслав,Романов,+7 (918) 543 58-73,mihedmitriev@yahoo.com
174,Илья,Богданов,+7 (980) 337 53-42,zoja_1981@yahoo.com
175,Чеслав,Ковалев,+7 (998) 425 81-90,yshcherbakov@yahoo.com
176,Афанасий,Рожков,+7 (908) 741 37-71,melnikovaanna@yandex.ru
177,Чеслав,Сорокин,+7 (986) 797 98-70,askoldnikitin@yandex.ru
178,Фома,Богданов,+7 (993) 726 92-41,knjazevustin@gmail.com
179,Наум,Третьяков,+7 (970) 728 13-86,jan1982@yandex.ru
180,Ювеналий,Беспалов,+7 (913) 128 05-04,gostomislovchinnikov@gmail.com
181,Милан,Лаврентьев,+7 (986) 113 14-90,ljubosmislmuravev@hotmail.com
182,Зосима,Беляев,+7 (912) 528 59-49,rorlov@gmail.com
183,Антонин,Баранов,+7 (902) 963 81-96,demid79@mail.ru
184,Савва,Воронов,+7 (920) 447 36-44,emmanuil53@yahoo.com
185,Семен,Белоусов,+7 (988) 456 29-84,faina_1991@mail.ru
186,Фадей,Журавлев,+7 (986) 609 91-45,djachkovhariton@hotmail.com
187,Никандр,Павлов,+7 (971) 454 37-28,rusakovruslan@yahoo.com
188,Мина,Захаров,+7 (921) 717 98-48,hohlovkim@yahoo.com
189,Савва,Никифоров,+7 (925) 105 15-31,suvorovilarion@rambler.ru
190,Федот,Алексеев,+7 (941) 195 86-02,dorofeevandronik@yahoo.com
191,Будимир,Русаков,+7 (967) 722 14-52,ermil_00@rambler.ru
192,Леон,Кудрявцев,+7 (951) 925 44-99,vatslavtimofeev@mail.ru
193,Никандр,Стрелков,+7 (985) 709 22-68,lobanovilarion@mail.ru
194,Каллистрат,Большаков,+7 (932) 363 01-10,kotovseliverst@rambler.ru
195,Мирослав,Никитин,+7 (999) 417 63-65,hpestova@gmail.com
196,Михаил,Галкин,+7 (921) 239 45-75,lukjan1995@yahoo.com
197,Сила,Максимов,+7 (986) 269 06-24,evgenija2022@rambler.ru
198,Прохор,Богданов,+7 (961) 903 38-55,ivanovanatalja@gmail.com
199,Каллистрат,Афанасьев,+7 (956) 878 37-14,marfa_32@yahoo.com
200,Игорь,Ершов,+7 (997) 652 17-04,ratmir03@mail.ru
201,Мефодий,Петров,+7 (954) 334 55-60,vladimir37@yandex.ru
202,Фрол,Кулаков,+7 (914) 720 74-25,efremovljubim@mail.ru
203,Геннадий,Соловьев,+7 (965) 980 12-91,rtihonov@gmail.com
204,Марк,Трофимов,+7 (920) 870 30-13,ipat2011@hotmail.com
205,Никита,Белоусов,+7 (967) 629 30-59,prokofi72@hotmail.com
206,Лев,Селиверстов,+7 (992) 420 18-63,antonin_1973@hotmail.com
207,Радим,Петухов,+7 (918) 977 68-17,mjasnikovklavdi@gmail.com
208,Валерий,Никонов,+7 (991) 828 62-41,apollinari_2008@mail.ru
209,Артем,Буров,+7 (922) 862 76-32,ustinovfedot@yandex.ru
210,Гаврила,Шубин,+7 (979) 316 60-56,solovevtvorimir@gmail.com
211,Милан,Назаров,+7 (932) 261 97-60,avtonomgromov@hotmail.com
212,Михей,Захаров,+7 (944) 976 37-55,velimir_1986@hotmail.com
213,Порфирий,Бирюков,+7 (980) 157 45-94,hgorshkov@hotmail.com
214,Герасим,Королев,+7 (911) 614 49-31,nikita12@hotmail.com
215,Лукьян,Королев,+7 (917) 843 42-74,alekseevivan@rambler.ru
216,Исай,Волков,+7 (953) 509 96-74,shirjaevemmanuil@yahoo.com
217,Руслан,Белозеров,+7 (988) 451 10-55,narkis_97@rambler.ru
218,Евграф,Зимин,+7 (911) 444 03-05,vladimir76@rambler.ru
219,Евстафий,Яковлев,+7 (928) 879 22-49,djachkovstepan@gmail.com
220,Валерий,Кулаков,+7 (947) 662 33-50,agap88@gmail.com
221,Иосиф,Харитонов,+7 (931) 967 43-92,savelevanina@yandex.ru
222,Азарий,Голубев,+7 (930) 393 53-47,panfil49@hotmail.com
223,Макар,Смирнов,+7 (904) 604 51-10,jaropolk_51@rambler.ru
224,Силантий,Иванов,+7 (941) 195 15-27,german1991@mail.ru
225,Захар,Никонов,+7 (924) 345 57-99,antip1986@yahoo.com
226,Гурий,Лихачев,+7 (932) 666 86-23,artemi_77@mail.ru
227,Вадим,Овчинников,+7 (987) 254 35-93,kalashnikovparamon@hotmail.com
228,Яков,Красильников,+7 (900) 717 41-02,dementi_20@yahoo.com
229,Савва,Шашков,+7 (976) 779 74-43,vgureva@hotmail.com
230,Ян,Ковалев,+7 (925) 962 46-79,tbelousov@gmail.com
231,Всеслав,Ширяев,+7 (904) 410 54-73,fedosi_63@yandex.ru
232,Арефий,Прохоров,+7 (977) 183 79-93,xeliseeva@gmail.com
233,Гаврила,Пономарев,+7 (992) 677 80-75,lsemenova@rambler.ru
234,Любосмысл,Зыков,+7 (902) 593 62-22,jakushevdmitri@gmail.com
235,Харлампий,Красильников,+7 (967) 112 52-30,lihachevaanastasija@hotmail.com
236,Виталий,Ефремов,+7 (968) 413 39-36,boris24@rambler.ru
237,Дорофей,Евдокимов,+7 (968) 508 10-80,olavrenteva@yahoo.com
238,Евдоким,Савельев,+7 (920) 636 62-90,lidija20@yahoo.com
239,Якуб,Виноградов,+7 (961) 476 09-51,orehovrodion@mail.ru
240,Емельян,Борисов,+7 (905) 183 73-40,evgenija31@yahoo.com
241,Остромир,Григорьев,+7 (968) 742 11-85,zhdanovigor@hotmail.com
242,Лонгин,Горбачев,+7 (978) 541 75-47,maksimiljan_1973@rambler.ru
243,Амвросий,Юдин,+7 (992) 878 17-52,zahar2018@gmail.com
244,Еремей,Дементьев,+7 (923) 683 72-71,davidovtit@rambler.ru
245,Ладислав,Богданов,+7 (964) 789 50-32,klavdija2004@rambler.ru
246,Симон,Константинов,+7 (914) 123 15-71,foka_22@rambler.ru
247,Александр,Мамонтов,+7 (994) 627 92-89,sergeevmilan@rambler.ru
248,Емельян,Терентьев,+7 (943) 824 17-57,shilovpankrat@yandex.ru
249,Спартак,Горшков,+7 (955) 456 59-66,pavel_2013@hotmail.com
250,Юлий,Юдин,+7 (987) 308 07-42,tit_90@rambler.ru
251,Ипат,Бобылев,+7 (914) 452 08-19,fchernova@yandex.ru
252,Евстигней,Одинцов,+7 (926) 931 41-82,nikitakolobov@yandex.ru
253,Святополк,Михеев,+7 (958) 818 42-30,veniamin2024@rambler.ru
254,Сократ,Тимофеев,+7 (987) 779 27-21,frolovaninel@rambler.ru
255,Фирс,Сорокин,+7 (928) 574 47-80,efimovignati@rambler.ru
256,Януарий,Гурьев,+7 (919) 103 65-73,marfa37@rambler.ru
257,Гостомысл,Буров,+7 (996) 677 00-13,trofimovamvrosi@gmail.com
258,Дементий,Шестаков,+7 (983) 698 38-46,safonovgremislav@mail.ru
259,Михей,Блохин,+7 (930) 296 50-81,sigizmund2021@rambler.ru
260,Юрий,Николаев,+7 (915) 294 48-81,askold_37@yandex.ru
261,Ипат,Архипов,+7 (958) 801 97-31,grigorikudrjashov@yandex.ru
262,Модест,Лапин,+7 (933) 368 35-37,alevtina_2009@gmail.com
263,Станислав,Александров,+7 (911) 447 35-95,fedor_30@hotmail.com
264,Галактион,Жданов,+7 (919) 768 87-19,efremovaivanna@rambler.ru
265,Петр,Носов,+7 (967) 744 88-55,zuevazinaida@mail.ru
266,Еремей,Никифоров,+7 (991) 336 09-26,dobromisl_70@mail.ru
267,Будимир,Жданов,+7 (904) 135 08-03,gavrilovigor@yahoo.com
268,Аверкий,Блохин,+7 (915) 189 23-39,pankrati_69@hotmail.com
269,Валерьян,Хохлов,+7 (909) 681 71-44,vitali95@yandex.ru
270,Устин,Комаров,+7 (993) 512 26-63,adriangusev@mail.ru
271,Еремей,Киселев,+7 (933) 849 88-72,gorshkovvatslav@gmail.com
272,Филипп,Беляков,+7 (987) 788 20-42,artemidrozdov@yahoo.com
273,Савватий,Федотов,+7 (968) 444 34-13,stepanovairaida@mail.ru
274,Ладислав,Горбунов,+7 (976) 589 27-15,tit2014@gmail.com
275,Лаврентий,Ковалев,+7 (981) 770 29-20,jvinogradov@hotmail.com
276,Милен,Новиков,+7 (937) 217 26-62,ruben_37@mail.ru
277,Ратмир,Дементьев,+7 (974) 672 93-03,andronik_2012@mail.ru
278,Феоктист,Чернов,+7 (986) 932 48-00,maksim59@mail.ru
279,Григорий,Исаков,+7 (915) 484 62-72,ratmir2005@hotmail.com
280,Эдуард,Дроздов,+7 (930) 705 76-02,dorofeevanani@hotmail.com
281,Ульян,Колобов,+7 (919) 758 71-59,ignatevamarija@mail.ru
282,Руслан,Федосеев,+7 (979) 564 11-32,martjanpanfilov@yandex.ru
283,Моисей,Шилов,+7 (952) 386 16-39,tmakarov@yahoo.com
284,Вячеслав,Медведев,+7 (974) 609 60-57,kira91@rambler.ru
285,Бажен,Ситников,+7 (986) 597 43-68,mir1991@yahoo.com
286,Арефий,Голубев,+7 (909) 609 94-40,bogdan1987@hotmail.com
287,Авксентий,Евсеев,+7 (945) 258 28-24,ljubov10@yahoo.com
288,Добромысл,Шарапов,+7 (962) 579 82-23,hstrelkov@mail.ru
289,Харлампий,Карпов,+7 (911) 230 07-96,uvarovmartjan@gmail.com
290,Аникей,Зуев,+7 (927) 382 54-50,nikodim_1981@mail.ru
291,Соломон,Тетерин,+7 (923) 350 59-93,wvladimirova@gmail.com
292,Панкратий,Ситников,+7 (959) 795 81-83,galina_70@mail.ru
293,Наркис,Быков,+7 (976) 805 20-99,kudrjashovhariton@yahoo.com
294,Харитон,Кабанов,+7 (921) 896 65-74,nazar14@yahoo.com
295,Селиверст,Петухов,+7 (934) 409 66-57,mechislav16@mail.ru
296,Порфирий,Фомичев,+7 (983) 489 25-03,uljana1978@gmail.com
297,Болеслав,Родионов,+7 (944) 224 45-88,sorokinfilimon@hotmail.com
298,Август,Муравьев,+7 (945) 354 90-17,evgraf_97@yahoo.com
299,Борислав,Мишин,+7 (980) 651 37-04,andreevradislav@gmail.com
300,Феоктист,Беспалов,+7 (915) 714 06-70,orloverast@rambler.ru
301,Изот,Ершов,+7 (969) 265 36-38,solovevvikenti@mail.ru
302,Савватий,Крылов,+7 (937) 398 54-96,kazimir_2021@yandex.ru
303,Ерофей,Горбачев,+7 (967) 504 79-30,zoja2007@mail.ru
304,Любомир,Петров,+7 (900) 748 13-50,irina_20@hotmail.com
305,Измаил,Рогов,+7 (969) 524 09-75,mstislav78@mail.ru
306,Валентин,Котов,+7 (921) 103 24-42,tverdislav_1978@hotmail.com
307,Артемий,Самсонов,+7 (961) 287 35-55,dementiarhipov@mail.ru
308,Назар,Данилов,+7 (939) 177 03-56,vissarionshashkov@hotmail.com
309,Аверкий,Ермаков,+7 (959) 692 83-96,apollon1979@mail.ru
310,Прохор,Морозов,+7 (942) 133 14-60,kononhohlov@rambler.ru
311,Никандр,Фадеев,+7 (903) 673 19-64,fedot_73@rambler.ru
312,Марк,Игнатьев,+7 (989) 651 32-44,komissarovaalina@rambler.ru
313,Наркис,Максимов,+7 (933) 350 91-58,evdokija_78@gmail.com
314,Яков,Казаков,+7 (979) 993 94-46,rogovavalerija@gmail.com
315,Пимен,Дорофеев,+7 (915) 363 91-15,savvati_94@gmail.com
316,Платон,Власов,+7 (928) 336 89-84,eleonora51@yandex.ru
317,Адам,Константинов,+7 (968) 124 03-95,gusevgerman@mail.ru
318,Аркадий,Давыдов,+7 (906) 627 76-32,potap30@hotmail.com
319,Феоктист,Савин,+7 (965) 265 20-43,jaropolkguljaev@rambler.ru
320,Александр,Сергеев,+7 (912) 900 95-15,uvarovhristofor@rambler.ru
321,Елисей,Голубев,+7 (975) 812 74-14,maksimiljan2015@gmail.com
322,Максимильян,Смирнов,+7 (923) 412 77-55,ernest2001@gmail.com
323,Платон,Воронцов,+7 (986) 620 30-80,ignatoviosif@yahoo.com
324,Гедеон,Петухов,+7 (978) 935 91-79,bpestova@hotmail.com
325,Анатолий,Белозеров,+7 (934) 889 07-06,shcherbakovspartak@gmail.com
326,Лазарь,Корнилов,+7 (967) 703 13-19,olimpiada81@mail.ru
327,Кирилл,Щукин,+7 (976) 638 61-04,gorbunovippolit@gmail.com
328,Пантелеймон,Мухин,+7 (959) 644 48-76,shubintrifon@gmail.com
329,Никандр,Власов,+7 (960) 524 30-55,tarassimonov@mail.ru
330,Арефий,Ефимов,+7 (945) 739 36-95,popovaevpraksija@mail.ru
331,Герасим,Петухов,+7 (974) 333 24-06,matve_91@yahoo.com
332,Федосий,Пестов,+7 (936) 332 71-32,stojanfedotov@mail.ru
333,Авксентий,Муравьев,+7 (941) 846 26-97,ilja_1990@mail.ru
334,Владлен,Устинов,+7 (949) 622 82-13,gostomisl_81@yandex.ru
335,Устин,Колобов,+7 (942) 823 54-92,kiselevzinovi@gmail.com
336,Роман,Горбунов,+7 (982) 750 57-24,petr77@rambler.ru
337,Наркис,Ефимов,+7 (942) 975 52-43,shashkovserge@rambler.ru
338,Емельян,Алексеев,+7 (962) 574 81-39,vladimir_87@yandex.ru
339,Лавр,Денисов,+7 (997) 486 05-00,panfilovaaleksandra@hotmail.com
340,Игорь,Елисеев,+7 (981) 897 82-71,ziminsilanti@gmail.com
341,Анисим,Федосеев,+7 (997) 595 19-97,rnikitin@yandex.ru
342,Александр,Фомин,+7 (929) 629 60-61,oksana_97@gmail.com
343,Владлен,Большаков,+7 (969) 867 14-42,hohlovataisija@yandex.ru
344,Яков,Архипов,+7 (941) 441 20-96,pimen45@yahoo.com
345,Пров,Трофимов,+7 (933) 476 22-80,kulakovevstafi@mail.ru
346,Варфоломей,Дорофеев,+7 (945) 131 42-71,lpanov@mail.ru
347,Лука,Ильин,+7 (940) 599 06-92,zatsevalukija@yahoo.com
348,Силантий,Лаврентьев,+7 (985) 103 83-56,kolesnikovlavrenti@hotmail.com
349,Василий,Красильников,+7 (957) 716 96-43,emil_78@rambler.ru
350,Спиридон,Михайлов,+7 (955) 158 79-98,ribakovavalerija@gmail.com
351,Максим,Лаврентьев,+7 (997) 412 47-25,vladislav1995@yahoo.com
352,Устин,Егоров,+7 (929) 684 25-97,valerjan2004@hotmail.com
353,Фрол,Носов,+7 (973) 244 05-47,kostinfoka@hotmail.com
354,Святополк,Селезнев,+7 (954) 539 71-42,samolovgerman@gmail.com
355,Ермил,Крылов,+7 (983) 745 39-61,varfolome_64@rambler.ru
356,Филарет,Воробьев,+7 (910) 675 81-51,efremovcheslav@yandex.ru
357,Филарет,Русаков,+7 (936) 421 35-69,emeljan_1992@hotmail.com
358,Ефрем,Кузьмин,+7 (963) 445 69-43,parfen80@rambler.ru
359,Ладислав,Сысоев,+7 (974) 892 14-31,drozdovsimon@hotmail.com
360,Валентин,Лыткин,+7 (992) 695 00-50,kfilippova@yandex.ru
361,Евстигней,Сергеев,+7 (962) 369 68-87,litkinaklavdija@yandex.ru
362,Эрнст,Наумов,+7 (950) 745 77-14,oktjabrina_1990@mail.ru
363,Филарет,Калашников,+7 (963) 311 94-10,ulebedev@rambler.ru
364,Тарас,Некрасов,+7 (925) 763 77-38,tvorimirmiheev@mail.ru
365,Глеб,Карпов,+7 (932) 499 48-83,juvenalimoiseev@yahoo.com
366,Василий,Суханов,+7 (974) 830 05-50,zosima_57@mail.ru
367,Юлий,Жданов,+7 (986) 981 21-56,roman1994@mail.ru
368,Сигизмунд,Дьячков,+7 (934) 195 95-40,sobolevladimir@mail.ru
369,Изот,Романов,+7 (911) 301 36-13,beljaeverofe@yahoo.com
370,Каллистрат,Жуков,+7 (959) 438 75-72,fortunat14@yahoo.com
371,Афанасий,Горшков,+7 (958) 771 18-58,vera_2019@rambler.ru
372,Творимир,Галкин,+7 (989) 286 76-97,mark_1973@yandex.ru
373,Фрол,Селезнев,+7 (988) 336 60-63,naumlihachev@yahoo.com
374,Парамон,Комиссаров,+7 (935) 101 42-79,mir1971@hotmail.com
375,Лукьян,Нестеров,+7 (921) 192 98-35,mefodi89@rambler.ru
376,Тимофей,Сергеев,+7 (954) 456 82-66,martinovguri@hotmail.com
377,Гаврила,Вишняков,+7 (970) 150 00-82,timofeevmatve@mail.ru
378,Викентий,Никонов,+7 (972) 268 86-85,marina_2004@hotmail.com
379,Авксентий,Федоров,+7 (964) 267 13-16,danila_1990@gmail.com
380,Ферапонт,Одинцов,+7 (961) 999 38-16,vitali1998@yahoo.com
381,Лукьян,Осипов,+7 (967) 611 37-43,zhdanovparfen@mail.ru
382,Мирон,Жданов,+7 (979) 732 78-27,nikolaevruben@rambler.ru
383,Амвросий,Зимин,+7 (918) 308 89-84,nikandrgromov@hotmail.com
384,Галактион,Новиков,+7 (922) 634 09-73,tdenisova@hotmail.com
385,Болеслав,Блинов,+7 (928) 576 49-65,jaroslav2006@mail.ru
386,Эдуард,Бобылев,+7 (984) 424 93-63,jan_66@mail.ru
387,Влас,Крюков,+7 (959) 555 09-61,vladislav99@rambler.ru
388,Леонтий,Павлов,+7 (903) 724 78-50,veselovvladimir@rambler.ru
389,Епифан,Тихонов,+7 (923) 646 34-87,fedoseevazinaida@yandex.ru
390,Амос,Ситников,+7 (965) 630 31-70,gedeon_25@yahoo.com
391,Давыд,Александров,+7 (950) 975 13-55,amos16@mail.ru
392,Остап,Алексеев,+7 (938) 813 83-36,ljudmila_17@mail.ru
393,Зиновий,Громов,+7 (931) 290 86-81,firs_1979@yandex.ru
394,Онуфрий,Якушев,+7 (922) 662 63-44,fadeevladislav@hotmail.com
395,Мстислав,Поляков,+7 (993) 533 24-07,vladislav_55@hotmail.com
396,Панфил,Одинцов,+7 (965) 554 27-24,markovippolit@gmail.com
397,Сила,Носов,+7 (985) 634 08-29,drozdovivan@mail.ru
398,Станислав,Соколов,+7 (912) 561 00-54,gafanaseva@yandex.ru
399,Пантелеймон,Селезнев,+7 (910) 633 97-48,sila1993@gmail.com
400,Лев,Моисеев,+7 (981) 560 43-13,valerija1989@yandex.ru
401,Осип,Жуков,+7 (909) 545 56-95,pimen22@mail.ru
402,Никон,Ситников,+7 (977) 353 18-23,emil_2003@yandex.ru
403,Каллистрат,Давыдов,+7 (905) 197 24-72,venedikt1994@yandex.ru
404,Гостомысл,Фролов,+7 (961) 891 23-28,noskovljubosmisl@rambler.ru
405,Натан,Крылов,+7 (927) 126 57-87,leonid_1971@yandex.ru
406,Захар,Анисимов,+7 (950) 484 16-19,dmitrievavde@rambler.ru
407,Леон,Ситников,+7 (934) 899 07-55,shchukinvatslav@gmail.com
408,Светозар,Гордеев,+7 (986) 181 78-24,konstantinevseev@gmail.com
409,Викентий,Куликов,+7 (983) 677 83-62,fosipova@mail.ru
410,Творимир,Нестеров,+7 (965) 717 31-06,mitofan64@gmail.com
411,Илья,Соловьев,+7 (998) 330 90-95,kopilovferapont@gmail.com
412,Захар,Беляев,+7 (947) 852 22-38,iraida_1979@hotmail.com
413,Аким,Жуков,+7 (911) 798 18-35,kolobovelise@rambler.ru
414,Захар,Журавлев,+7 (901) 652 70-92,komissarovfoma@yahoo.com
415,Савва,Владимиров,+7 (927) 265 66-28,odintsovavasilisa@hotmail.com
416,Куприян,Соколов,+7 (912) 360 44-14,konon94@yahoo.com
417,Добромысл,Осипов,+7 (927) 992 10-48,solovevdementi@rambler.ru
418,Иосиф,Белоусов,+7 (953) 183 85-45,hefremov@hotmail.com
419,Эммануил,Рыбаков,+7 (965) 855 48-89,egromova@rambler.ru
420,Руслан,Кабанов,+7 (931) 676 05-38,rostislavsafonov@hotmail.com
421,Венедикт,Алексеев,+7 (925) 148 25-61,dobromisl_2004@hotmail.com
422,Аникита,Артемьев,+7 (921) 446 69-73,shirjaevernest@yahoo.com
423,Илья,Федотов,+7 (917) 586 16-02,timur_2004@mail.ru
424,Карп,Симонов,+7 (993) 880 96-45,elizar1977@hotmail.com
425,Флорентин,Ильин,+7 (936) 855 13-31,efremovveniamin@yahoo.com
426,Андрон,Захаров,+7 (925) 944 45-20,ignatevasofija@mail.ru
427,Нестор,Зиновьев,+7 (923) 800 04-38,krilovnikifor@yahoo.com
428,Клавдий,Туров,+7 (904) 781 89-02,potapovviktor@rambler.ru
429,Арсений,Беляев,+7 (995) 170 68-95,kirillovvelimir@gmail.com
430,Варфоломей,Новиков,+7 (948) 145 83-46,boleslav2022@gmail.com
431,Евдоким,Мельников,+7 (958) 905 15-78,radovan_1993@rambler.ru
432,Остап,Евсеев,+7 (917) 355 50-05,pestovaolimpiada@yahoo.com
433,Никифор,Рыбаков,+7 (943) 798 16-25,lazarevavalerija@rambler.ru
434,Панкрат,Александров,+7 (941) 146 16-97,amosmishin@rambler.ru
435,Самсон,Ильин,+7 (981) 651 39-22,viktorin07@hotmail.com
436,Клавдий,Прохоров,+7 (947) 692 54-36,kondratibelousov@yandex.ru
437,Гаврила,Никонов,+7 (913) 618 06-21,ostap_77@yahoo.com
438,Святополк,Михайлов,+7 (921) 839 46-84,frolovadarja@hotmail.com
439,Терентий,Моисеев,+7 (965) 244 39-26,vasilevaeleonora@yandex.ru
440,Парамон,Королев,+7 (912) 652 50-59,taras23@mail.ru
441,Селиверст,Архипов,+7 (925) 483 70-42,suhanovjan@rambler.ru
442,Данила,Поляков,+7 (944) 456 44-33,hvladimirova@hotmail.com
443,Виссарион,Зыков,+7 (964) 716 86-28,alla_27@gmail.com
444,Харлампий,Комиссаров,+7 (925) 163 90-73,bogdan33@hotmail.com
445,Харитон,Григорьев,+7 (910) 735 00-84,firs_92@gmail.com
446,Кузьма,Мартынов,+7 (944) 929 95-58,snesterov@yahoo.com
447,Эрнест,Зыков,+7 (960) 283 01-83,alekseevgorde@hotmail.com
448,Нифонт,Ильин,+7 (919) 950 28-17,elise33@gmail.com
449,Юлий,Карпов,+7 (991) 838 79-77,doroninuljan@hotmail.com
450,Мир,Буров,+7 (988) 921 56-76,alina_1999@mail.ru
451,Семен,Меркушев,+7 (902) 744 32-23,larisa2024@hotmail.com
452,Викторин,Дьячков,+7 (979) 701 11-30,innokentizatsev@rambler.ru
453,Серафим,Ширяев,+7 (905) 172 09-95,lidija_52@yahoo.com
454,Адам,Емельянов,+7 (993) 672 99-38,pfadeeva@hotmail.com
455,Ипполит,Горшков,+7 (902) 986 95-13,gostomisl1975@mail.ru
456,Прокофий,Родионов,+7 (929) 401 13-33,gorbachevdorofe@rambler.ru
457,Тит,Лаврентьев,+7 (936) 533 92-66,mihalovevstigne@yandex.ru
458,Никон,Пахомов,+7 (943) 470 99-69,arefi_88@hotmail.com
459,Платон,Мясников,+7 (958) 172 92-22,rozhkovaoksana@yandex.ru
460,Мирослав,Потапов,+7 (948) 731 99-29,krjukovmaksim@yandex.ru
461,Эраст,Бобылев,+7 (966) 402 54-60,kulakovagafon@mail.ru
462,Остромир,Веселов,+7 (984) 263 90-83,ponomarevfrol@mail.ru
463,Конон,Федоров,+7 (939) 728 16-49,shilovbronislav@rambler.ru
464,Орест,Сысоев,+7 (984) 419 29-53,trogova@hotmail.com
465,Федот,Никитин,+7 (970) 661 01-64,teterinleonti@gmail.com
466,Эрнест,Громов,+7 (982) 343 02-36,ratibor_2009@rambler.ru
467,Ростислав,Игнатьев,+7 (930) 530 49-32,foka_1972@rambler.ru
468,Ростислав,Соловьев,+7 (977) 985 08-98,osipovaevdokija@gmail.com
469,Евстафий,Медведев,+7 (912) 478 57-90,emilbelozerov@gmail.com
470,Никифор,Афанасьев,+7 (974) 215 43-84,dobromislkabanov@yahoo.com
471,Никон,Самойлов,+7 (975) 809 02-68,kudrjavtsevsofron@yandex.ru
472,Игорь,Фомин,+7 (927) 944 74-54,afanasevipat@mail.ru
473,Пров,Давыдов,+7 (994) 802 12-67,nadezhda90@yandex.ru
474,Богдан,Сысоев,+7 (927) 405 35-42,anisimovadam@yahoo.com
475,Доброслав,Щукин,+7 (997) 984 11-37,alevtina1979@gmail.com
476,Ефим,Мясников,+7 (913) 540 31-74,judinamos@rambler.ru
477,Макар,Данилов,+7 (945) 376 26-26,maslovmiron@rambler.ru
478,Флорентин,Павлов,+7 (931) 117 54-48,igorbachev@yandex.ru
479,Август,Туров,+7 (999) 935 27-26,feliks_2020@rambler.ru
480,Фома,Горбачев,+7 (958) 484 86-60,nadezhda1985@hotmail.com
481,Павел,Калашников,+7 (940) 759 60-30,romanovapraskovja@gmail.com
482,Чеслав,Голубев,+7 (938) 276 96-60,ipati07@yandex.ru
483,Виктор,Юдин,+7 (998) 161 89-53,marfa_2016@hotmail.com
484,Мокей,Шестаков,+7 (998) 255 36-89,gavrila80@yandex.ru
485,Феоктист,Рожков,+7 (974) 805 36-32,iosifmartinov@gmail.com
486,Федор,Денисов,+7 (936) 553 92-38,ignatevaevgenija@yandex.ru
487,Кирилл,Романов,+7 (910) 840 25-38,wshilova@gmail.com
488,Юрий,Титов,+7 (969) 286 96-44,sinklitikija_61@mail.ru
489,Антип,Белоусов,+7 (912) 327 72-44,radislav80@rambler.ru
490,Виктор,Зайцев,+7 (924) 612 75-74,lazarevfrol@yahoo.com
491,Орест,Лыткин,+7 (920) 691 92-05,seliverst_48@yandex.ru
492,Иосиф,Константинов,+7 (960) 305 87-46,rosipov@hotmail.com
493,Архип,Тимофеев,+7 (931) 162 11-86,anatoli27@hotmail.com
494,Прохор,Суворов,+7 (959) 575 40-90,vladimir_93@mail.ru
495,Ираклий,Антонов,+7 (967) 787 59-29,evdokija_94@rambler.ru
496,Ладимир,Прохоров,+7 (902) 836 24-47,stojanfomin@yahoo.com
497,Агап,Константинов,+7 (981) 742 03-91,lidija_02@yandex.ru
498,Севастьян,Никифоров,+7 (944) 101 54-43,kondratemeljanov@yahoo.com
499,Лазарь,Щукин,+7 (944) 617 51-34,tit2022@yandex.ru
500,Трофим,Федотов,+7 (979) 680 83-38,venedikt1992@rambler.ru
501,Август,Костин,+7 (927) 817 16-33,ipati10@rambler.ru
502,Викентий,Мамонтов,+7 (971) 726 23-08,epifan_92@yahoo.com
503,Леонтий,Макаров,+7 (910) 311 55-07,martinkazakov@gmail.com
504,Ювеналий,Миронов,+7 (982) 804 78-12,prokl_23@gmail.com
505,Фока,Галкин,+7 (984) 117 76-04,solovevamarfa@gmail.com
506,Гремислав,Емельянов,+7 (988) 116 80-24,ruslan67@yandex.ru
507,Якуб,Зимин,+7 (993) 488 01-60,kolesnikovkarl@yandex.ru
508,Устин,Анисимов,+7 (950) 347 48-92,zinovevatatjana@rambler.ru
509,Аполлинарий,Белов,+7 (991) 913 00-67,sharapovakim@yandex.ru
510,Натан,Пахомов,+7 (971) 713 54-84,samson_62@mail.ru
511,Всемил,Орлов,+7 (934) 171 25-52,isakovarhip@mail.ru
512,Ипполит,Мельников,+7 (998) 349 33-74,ipat_2011@mail.ru
513,Дмитрий,Логинов,+7 (918) 501 22-51,veniamin_62@mail.ru
514,Кирилл,Фролов,+7 (911) 912 93-73,korolevazhanna@rambler.ru
515,Ярослав,Михайлов,+7 (922) 239 20-54,praskovja_1971@mail.ru
516,Ладимир,Блохин,+7 (969) 312 13-75,denisovapolina@gmail.com
517,Остромир,Калашников,+7 (923) 989 51-60,nosovaveronika@hotmail.com
518,Сидор,Сысоев,+7 (938) 240 02-72,anastasija_2000@mail.ru
519,Панфил,Королев,+7 (943) 195 67-52,sitnikovairaida@yandex.ru
520,Пров,Кабанов,+7 (907) 626 37-87,semenovaveronika@yandex.ru
521,Ефим,Блохин,+7 (957) 683 89-40,kirillovanonna@hotmail.com
522,Гурий,Лыткин,+7 (973) 224 16-20,nonna81@hotmail.com
523,Самуил,Кулаков,+7 (921) 153 58-24,vlas86@rambler.ru
524,Дмитрий,Тимофеев,+7 (934) 214 07-92,faina_88@yahoo.com
525,Емельян,Фокин,+7 (900) 389 83-20,vera86@gmail.com
526,Ратибор,Никитин,+7 (953) 350 95-50,ereme2007@mail.ru
527,Аггей,Бобров,+7 (927) 332 53-81,vlasovaverki@mail.ru
528,Мечислав,Третьяков,+7 (925) 244 42-80,avksentisitnikov@rambler.ru
529,Всеслав,Селезнев,+7 (978) 141 38-36,belousovignati@yandex.ru
530,Константин,Власов,+7 (996) 869 25-81,simonovmefodi@mail.ru
531,Максимильян,Осипов,+7 (985) 154 54-82,konstantinnikonov@hotmail.com
532,Всеслав,Зиновьев,+7 (964) 249 12-02,nikodim_1972@hotmail.com
533,Казимир,Мухин,+7 (942) 317 59-42,belozerovanina@mail.ru
534,Ефим,Кудряшов,+7 (975) 514 01-94,vseslavnaumov@gmail.com
535,Аполлинарий,Гуляев,+7 (951) 509 13-99,lidija_90@mail.ru
536,Эмиль,Воробьев,+7 (978) 985 34-95,frodionov@gmail.com
537,Тимофей,Мельников,+7 (995) 446 78-80,silvestrprohorov@gmail.com
538,Фока,Горшков,+7 (972) 758 07-29,nikola_1971@hotmail.com
539,Орест,Дементьев,+7 (989) 168 90-17,mechislav_1997@mail.ru
540,Эдуард,Блинов,+7 (968) 386 95-73,hjudin@hotmail.com
541,Андрон,Красильников,+7 (919) 379 96-88,nikolaevaglafira@rambler.ru
542,Митофан,Иванов,+7 (959) 560 29-52,rjabovamarfa@gmail.com
543,Геннадий,Воронцов,+7 (985) 314 83-09,georgi96@mail.ru
544,Азарий,Буров,+7 (907) 126 00-35,martin33@gmail.com
545,Капитон,Туров,+7 (939) 118 12-95,hromanov@mail.ru
546,Милий,Прохоров,+7 (946) 610 55-51,lobanovostromir@rambler.ru
547,Ростислав,Стрелков,+7 (917) 544 41-33,trifon94@yandex.ru
548,Игорь,Карпов,+7 (949) 330 42-14,kudrjavtsevtvorimir@hotmail.com
549,Любосмысл,Гуляев,+7 (907) 224 75-83,elise_01@gmail.com
550,Ефим,Архипов,+7 (981) 180 25-71,modest1982@mail.ru
551,Афанасий,Тарасов,+7 (925) 474 35-21,terenti74@yahoo.com
552,Якуб,Брагин,+7 (919) 381 79-10,kondratevaevpraksija@rambler.ru
553,Ратмир,Прохоров,+7 (977) 894 69-86,mefodi_79@mail.ru
554,Твердислав,Воробьев,+7 (973) 829 63-56,emmanuilosipov@mail.ru
555,Терентий,Гуляев,+7 (934) 811 60-60,gusevaljudmila@yandex.ru
556,Феофан,Белозеров,+7 (924) 255 78-85,marianantonov@yahoo.com
557,Олимпий,Денисов,+7 (945) 996 36-83,velimir_2016@yandex.ru
558,Валерьян,Морозов,+7 (925) 873 31-34,rsamsonova@yahoo.com
559,Никифор,Журавлев,+7 (956) 947 80-11,minanesterov@rambler.ru
560,Борис,Красильников,+7 (933) 618 46-16,oktjabrina_56@rambler.ru
561,Аникита,Александров,+7 (961) 692 22-98,marija_1999@yahoo.com
562,Феликс,Кулагин,+7 (907) 226 13-18,anzhelika2019@mail.ru
563,Олег,Силин,+7 (927) 842 12-49,milankoshelev@mail.ru
564,Фома,Никитин,+7 (914) 864 60-78,doronindemid@gmail.com
565,Самуил,Тарасов,+7 (944) 341 56-93,evse_95@mail.ru
566,Евлампий,Кононов,+7 (914) 144 18-63,pestovdenis@rambler.ru
567,Мартьян,Исаев,+7 (935) 231 97-03,krilovaagafja@gmail.com
568,Зосима,Ершов,+7 (983) 159 18-28,emmanuil_53@gmail.com
569,Феликс,Мухин,+7 (932) 595 28-79,emmanuil_2012@hotmail.com
570,Харитон,Никифоров,+7 (957) 140 53-16,ipat84@yandex.ru
571,Артем,Лыткин,+7 (934) 841 76-21,vasilevstojan@gmail.com
572,Святополк,Капустин,+7 (924) 266 59-10,aleksandra_2014@mail.ru
573,Творимир,Волков,+7 (980) 233 08-08,mili_2001@yahoo.com
574,Ермолай,Морозов,+7 (903) 383 60-08,mamontovvasili@yandex.ru
575,Аким,Семенов,+7 (999) 255 03-62,dementevfrol@yandex.ru
576,Вячеслав,Филатов,+7 (947) 159 07-97,zoja1986@hotmail.com
577,Сидор,Носов,+7 (979) 268 40-91,samuil_98@hotmail.com
578,Адриан,Родионов,+7 (937) 670 69-19,filaretkolesnikov@rambler.ru
579,Вениамин,Одинцов,+7 (909) 508 30-86,grigorevfirs@yahoo.com
580,Творимир,Стрелков,+7 (979) 182 90-74,svetozartsvetkov@gmail.com
581,Валерьян,Гурьев,+7 (989) 753 49-08,mjasnikovavalerija@yandex.ru
582,Иосиф,Архипов,+7 (923) 239 96-89,medvedevilja@rambler.ru
583,Вадим,Хохлов,+7 (965) 229 10-92,qtarasova@rambler.ru
584,Аскольд,Якушев,+7 (978) 640 46-65,sorokinfilipp@rambler.ru
585,Митофан,Ершов,+7 (985) 274 03-05,osip98@rambler.ru
586,Ульян,Михеев,+7 (920) 674 41-81,erast_57@hotmail.com
587,Мефодий,Исаев,+7 (918) 139 65-00,salekseeva@rambler.ru
588,Платон,Ильин,+7 (961) 792 98-99,matvemihalov@hotmail.com
589,Давыд,Вишняков,+7 (928) 913 16-95,ignatevboleslav@rambler.ru
590,Виталий,Яковлев,+7 (990) 330 04-07,lavrenti_2001@hotmail.com
591,Рубен,Гущин,+7 (950) 932 89-71,vitali_95@yandex.ru
592,Мокей,Антонов,+7 (984) 518 79-20,gorde_1989@yahoo.com
593,Фрол,Юдин,+7 (939) 849 78-78,jnikitin@yahoo.com
594,Пров,Прохоров,+7 (960) 315 41-62,sidor_1987@mail.ru
595,Мстислав,Сергеев,+7 (962) 783 39-77,viktor_1980@yahoo.com
596,Сигизмунд,Мясников,+7 (998) 640 91-19,vinogradovspiridon@rambler.ru
597,Анатолий,Зыков,+7 (977) 788 05-00,lavr_2019@hotmail.com
598,Ефрем,Анисимов,+7 (983) 880 13-53,ernst11@rambler.ru
599,Демид,Веселов,+7 (993) 684 23-35,irakli_1984@rambler.ru
600,Любосмысл,Нестеров,+7 (976) 826 15-78,anoskov@gmail.com
601,Эрнест,Ковалев,+7 (978) 216 05-00,egor91@rambler.ru
602,Мина,Ситников,+7 (927) 431 46-29,artemevaviktorija@yandex.ru
603,Гаврила,Щербаков,+7 (973) 458 55-07,aksenovaevpraksija@yandex.ru
604,Велимир,Молчанов,+7 (918) 315 11-62,sofon_87@hotmail.com
605,Ермолай,Богданов,+7 (990) 582 29-21,askold2014@yahoo.com
606,Ратибор,Большаков,+7 (918) 425 43-75,bogdanovemmanuil@yandex.ru
607,Анисим,Меркушев,+7 (985) 974 92-17,avksenti_1972@gmail.com
608,Кузьма,Мамонтов,+7 (958) 474 53-10,juliblohin@yandex.ru
609,Викентий,Галкин,+7 (960) 148 15-88,ljubomirfomichev@yahoo.com
610,Андрей,Блинов,+7 (975) 935 25-37,vissarion_1974@hotmail.com
611,Фока,Попов,+7 (947) 907 50-77,nikiforpetuhov@hotmail.com
612,Бронислав,Горбачев,+7 (957) 966 47-66,gremislavdorofeev@rambler.ru
613,Федосий,Наумов,+7 (920) 997 26-92,kondratititov@gmail.com
614,Аггей,Евсеев,+7 (902) 817 92-82,evseevaregina@yandex.ru
615,Борис,Красильников,+7 (935) 600 72-26,narkis_46@gmail.com
616,Доброслав,Тихонов,+7 (946) 735 86-55,elise41@gmail.com
617,Никифор,Цветков,+7 (916) 276 57-44,kir_14@gmail.com
618,Милован,Егоров,+7 (911) 734 32-60,roman_65@gmail.com
619,Наркис,Смирнов,+7 (937) 836 77-98,cstrelkova@rambler.ru
620,Сидор,Алексеев,+7 (986) 213 45-88,svetozarseliverstov@hotmail.com
621,Георгий,Горбачев,+7 (974) 938 12-98,lobanovfedot@rambler.ru
622,Аверкий,Комаров,+7 (903) 240 40-52,wsazonova@yahoo.com
623,Никифор,Соловьев,+7 (985) 195 15-14,fdementev@yahoo.com
624,Евгений,Крюков,+7 (943) 924 00-32,kgorshkov@mail.ru
625,Всеслав,Попов,+7 (970) 568 78-14,ilavrenteva@hotmail.com
626,Спартак,Панов,+7 (960) 381 96-20,semenovnatan@yandex.ru
627,Платон,Беспалов,+7 (928) 997 25-30,hristoforlavrentev@mail.ru
628,Эрнст,Бобров,+7 (997) 135 60-23,ekostin@rambler.ru
629,Ладимир,Горшков,+7 (983) 541 12-53,evsekudrjavtsev@rambler.ru
630,Харитон,Белоусов,+7 (984) 702 47-58,viktorevdokimov@mail.ru
631,Лукьян,Журавлев,+7 (955) 868 89-97,eliseevaanzhelika@gmail.com
632,Влас,Галкин,+7 (911) 719 20-93,danilovolimpi@hotmail.com
633,Антип,Крюков,+7 (909) 130 32-26,teterinamarina@gmail.com
634,Творимир,Фомичев,+7 (971) 109 81-11,moisesharapov@mail.ru
635,Карл,Гурьев,+7 (981) 267 25-27,markovpankrati@rambler.ru
636,Александр,Алексеев,+7 (958) 203 80-83,glafira_1975@yandex.ru
637,Фортунат,Кулаков,+7 (992) 854 02-29,kuprijan_2004@hotmail.com
638,Иларион,Щукин,+7 (977) 693 23-30,koshelevarefi@yahoo.com
639,Селиван,Тимофеев,+7 (914) 344 80-81,izjaslav_1996@yahoo.com
640,Самуил,Рыбаков,+7 (962) 108 62-62,karp83@yandex.ru
641,Игорь,Туров,+7 (952) 905 10-25,ermolapestov@mail.ru
642,Емельян,Никифоров,+7 (992) 456 90-32,dobroslav_1981@yahoo.com
643,Вадим,Фролов,+7 (920) 290 61-77,anikitakrjukov@yahoo.com
644,Артемий,Николаев,+7 (942) 278 37-26,golubevanaina@rambler.ru
645,Святослав,Лукин,+7 (987) 906 67-19,gushchinaleksandr@yandex.ru
646,Лавр,Новиков,+7 (988) 658 31-73,feliks44@yandex.ru
647,Галактион,Кириллов,+7 (951) 649 59-30,vsemil_1984@yandex.ru
648,Харлампий,Исаков,+7 (978) 649 36-47,mstislav_1985@rambler.ru
649,Серафим,Юдин,+7 (936) 297 88-13,pahomovleon@gmail.com
650,Вениамин,Буров,+7 (999) 663 05-27,svjatoslav_1989@mail.ru
651,Никанор,Фомичев,+7 (966) 163 89-24,vseslav_2018@rambler.ru
652,Владимир,Ефимов,+7 (923) 618 64-18,kononovsila@rambler.ru
653,Геннадий,Евсеев,+7 (984) 900 03-63,qevseeva@mail.ru
654,Демьян,Хохлов,+7 (912) 562 30-56,vladlen85@mail.ru
655,Фома,Красильников,+7 (903) 617 67-97,borislav89@rambler.ru
656,Аким,Цветков,+7 (943) 307 43-47,mitofan_1992@mail.ru
657,Бронислав,Владимиров,+7 (929) 344 46-40,tsvetkovaoktjabrina@yahoo.com
658,Милан,Орлов,+7 (905) 230 55-73,proklagafonov@gmail.com
659,Терентий,Вишняков,+7 (974) 848 32-28,evgraf_63@mail.ru
660,Савватий,Волков,+7 (989) 477 23-78,filimonrodionov@gmail.com
661,Ипатий,Родионов,+7 (948) 354 62-53,onaumov@rambler.ru
662,Чеслав,Тарасов,+7 (975) 630 78-66,vikenti29@mail.ru
663,Селиверст,Туров,+7 (930) 873 39-77,panovaraisa@gmail.com
664,Никандр,Филиппов,+7 (995) 824 66-44,elena_2015@gmail.com
665,Харитон,Красильников,+7 (965) 364 74-81,milovan2010@yahoo.com
666,Мина,Лобанов,+7 (993) 141 22-52,dkomarov@gmail.com
667,Амвросий,Костин,+7 (919) 255 19-34,grishinapelageja@mail.ru
668,Никандр,Носов,+7 (982) 781 19-62,praskovja1993@gmail.com
669,Мокей,Фомичев,+7 (935) 947 04-42,tnikiforova@rambler.ru
670,Захар,Павлов,+7 (982) 433 79-01,ksenija71@gmail.com
671,Иннокентий,Фомин,+7 (944) 734 61-58,nazar_1983@yandex.ru
672,Панфил,Быков,+7 (990) 652 03-33,qorehova@yahoo.com
673,Милан,Титов,+7 (902) 296 32-39,hohlovaalina@mail.ru
674,Радован,Носов,+7 (947) 984 51-44,naina_1993@mail.ru
675,Мир,Ершов,+7 (973) 916 72-92,miroslav_1976@yandex.ru
676,Велимир,Жданов,+7 (929) 134 75-97,glafira2015@yandex.ru
677,Адриан,Коновалов,+7 (902) 203 57-12,jakov_79@rambler.ru
678,Лаврентий,Герасимов,+7 (906) 691 04-16,usokolova@yahoo.com
679,Сократ,Константинов,+7 (993) 444 17-25,saveli_1988@hotmail.com
680,Лев,Рябов,+7 (908) 153 56-66,odintsovradovan@yahoo.com
681,Никифор,Бобылев,+7 (935) 132 57-56,radim2014@yahoo.com
682,Спартак,Костин,+7 (998) 389 65-96,simonovjulian@yahoo.com
683,Харлампий,Кузьмин,+7 (926) 688 58-72,denisovippolit@mail.ru
684,Захар,Кудрявцев,+7 (966) 843 96-13,teterinpimen@hotmail.com
685,Изот,Бирюков,+7 (969) 460 67-95,martin47@gmail.com
686,Арефий,Гордеев,+7 (908) 538 39-62,evgeni90@rambler.ru
687,Ульян,Богданов,+7 (904) 155 61-93,silanti_45@mail.ru
688,Климент,Евсеев,+7 (909) 974 02-00,kornilkondratev@rambler.ru
689,Бронислав,Рябов,+7 (953) 190 75-73,artemi_2005@yahoo.com
690,Емельян,Князев,+7 (932) 423 91-23,arhipovpankrat@gmail.com
691,Парамон,Мясников,+7 (911) 569 39-88,zuevluka@yahoo.com
692,Яков,Бобылев,+7 (989) 899 46-78,stepan1971@yahoo.com
693,Вениамин,Харитонов,+7 (972) 979 38-93,praskovja2017@mail.ru
694,Рюрик,Кузьмин,+7 (983) 785 88-18,adam47@hotmail.com
695,Спартак,Беляков,+7 (914) 711 25-18,prov1973@hotmail.com
696,Кондратий,Медведев,+7 (970) 699 38-75,sidorovaemilija@yandex.ru
697,Амос,Бобылев,+7 (973) 837 69-85,semenovamargarita@yahoo.com
698,Лаврентий,Быков,+7 (999) 105 44-74,nesterovanatalja@gmail.com
699,Тихон,Наумов,+7 (942) 335 69-09,bsamolov@yahoo.com
700,Потап,Крылов,+7 (967) 819 39-14,kalashnikovaveronika@hotmail.com
701,Парфен,Зимин,+7 (996) 959 91-88,kulakovavera@rambler.ru
702,Нифонт,Кузьмин,+7 (926) 328 75-29,ratibor99@hotmail.com
703,Лука,Давыдов,+7 (953) 212 97-47,anoskov@mail.ru
704,Ермолай,Одинцов,+7 (931) 798 00-15,efimovpetr@yahoo.com
705,Филимон,Васильев,+7 (942) 986 74-05,borisovaemilija@yahoo.com
706,Станимир,Суханов,+7 (906) 874 80-97,borislav_41@mail.ru
707,Милен,Самсонов,+7 (917) 499 84-67,lmoiseeva@rambler.ru
708,Ананий,Фомин,+7 (951) 557 03-55,nifontgerasimov@hotmail.com
709,Евдоким,Павлов,+7 (997) 535 80-52,vishnjakovevse@yandex.ru
710,Ратмир,Воробьев,+7 (951) 881 59-01,anisimovjakub@yahoo.com
711,Сократ,Казаков,+7 (980) 172 26-05,kuzminrjurik@yahoo.com
712,Илья,Ковалев,+7 (929) 103 56-83,fedosi88@rambler.ru
713,Моисей,Лапин,+7 (980) 810 74-13,larisa1972@rambler.ru
714,Каллистрат,Гаврилов,+7 (960) 546 87-35,valeri2007@hotmail.com
715,Демид,Юдин,+7 (905) 479 71-00,raisa1972@yahoo.com
716,Феофан,Галкин,+7 (957) 828 35-65,vissarionermakov@gmail.com
717,Захар,Рябов,+7 (930) 825 31-49,wrogova@yandex.ru
718,Христофор,Якушев,+7 (989) 657 89-97,filippovaljubov@yahoo.com
719,Лаврентий,Уваров,+7 (944) 798 06-37,uvarovaklavdija@gmail.com
720,Чеслав,Фокин,+7 (966) 518 36-12,juvenali04@rambler.ru
721,Илья,Овчинников,+7 (987) 501 57-77,zinaida83@rambler.ru
722,Стоян,Медведев,+7 (933) 899 92-74,mefodiegorov@rambler.ru
723,Никодим,Александров,+7 (934) 428 55-98,raisa1986@yandex.ru
724,Владлен,Давыдов,+7 (950) 485 89-12,anikita1989@hotmail.com
725,Рубен,Щербаков,+7 (988) 518 51-55,viktorin_1975@gmail.com
726,Никон,Смирнов,+7 (985) 204 29-78,veronika93@yahoo.com
727,Ладислав,Сидоров,+7 (958) 464 76-41,ippolit_93@yandex.ru
728,Аникей,Зайцев,+7 (995) 728 09-82,ipatmamontov@yahoo.com
729,Андроник,Комаров,+7 (920) 686 00-98,savinparamon@gmail.com
730,Сергей,Сорокин,+7 (941) 994 96-70,maksimovanadezhda@yandex.ru
731,Остап,Архипов,+7 (935) 952 84-03,kulikovermola@yahoo.com
732,Стоян,Воронов,+7 (915) 290 74-94,melnikovvelimir@yandex.ru
733,Тит,Костин,+7 (910) 738 54-93,spiridon2023@rambler.ru
734,Всеслав,Бирюков,+7 (909) 671 96-85,andron_10@yandex.ru
735,Фадей,Шашков,+7 (921) 373 51-61,eduard_11@gmail.com
736,Климент,Осипов,+7 (914) 825 66-94,sidor_1984@yandex.ru
737,Мартьян,Калинин,+7 (948) 192 75-98,harlampi_42@mail.ru
738,Валентин,Исаев,+7 (962) 518 27-41,fedotovemil@rambler.ru
739,Зиновий,Беляев,+7 (998) 209 95-71,evfrosinija65@hotmail.com
740,Вячеслав,Кудрявцев,+7 (966) 628 07-44,elise51@gmail.com
741,Ипат,Хохлов,+7 (990) 498 09-59,fedotovosip@yahoo.com
742,Соломон,Кулаков,+7 (953) 241 04-99,ignatovrjurik@yahoo.com
743,Роман,Яковлев,+7 (968) 411 92-45,klavdija_64@yahoo.com
744,Гаврила,Емельянов,+7 (941) 483 92-33,fgromov@yahoo.com
745,Гостомысл,Лазарев,+7 (972) 196 99-08,evgraf_42@hotmail.com
746,Марк,Сорокин,+7 (990) 598 77-00,florentin_1978@hotmail.com
747,Всемил,Никонов,+7 (981) 393 78-02,smirnovviktorin@hotmail.com
748,Максимильян,Зиновьев,+7 (971) 722 93-23,fedotkudrjashov@mail.ru
749,Феликс,Титов,+7 (925) 372 94-77,nina1976@mail.ru
750,Артем,Жуков,+7 (999) 891 87-82,dementi70@yandex.ru
751,Ким,Федосеев,+7 (950) 222 17-21,osip1970@yahoo.com
752,Валерий,Галкин,+7 (914) 522 60-65,galaktion59@hotmail.com
753,Денис,Кошелев,+7 (969) 996 41-45,provbolshakov@yandex.ru
754,Вениамин,Пестов,+7 (978) 476 43-93,ysamolov@mail.ru
755,Всеслав,Никитин,+7 (980) 153 93-34,kim_41@mail.ru
756,Амвросий,Русаков,+7 (906) 852 75-17,jakov73@gmail.com
757,Евстигней,Мельников,+7 (977) 842 34-63,kim03@rambler.ru
758,Родион,Власов,+7 (914) 546 79-55,emeljansuhanov@mail.ru
759,Захар,Игнатов,+7 (953) 962 75-26,maksimovgremislav@yahoo.com
760,Мстислав,Цветков,+7 (903) 274 40-73,sitnikovemmanuil@gmail.com
761,Матвей,Орлов,+7 (961) 128 26-53,pahomovamarfa@rambler.ru
762,Анисим,Белоусов,+7 (904) 437 96-38,kapitonfomin@mail.ru
763,Моисей,Сидоров,+7 (999) 192 01-68,sigizmund78@rambler.ru
764,Натан,Карпов,+7 (999) 701 90-41,gerasimovinnokenti@rambler.ru
765,Иларион,Буров,+7 (956) 546 13-70,martjan_1971@rambler.ru
766,Ульян,Соколов,+7 (957) 993 83-80,fortunat79@hotmail.com
767,Кирилл,Блинов,+7 (964) 441 83-49,gordeevefim@yahoo.com
768,Леонтий,Бобылев,+7 (928) 461 66-30,milovan_02@rambler.ru
769,Аггей,Коновалов,+7 (916) 177 68-14,csidorov@hotmail.com
770,Галактион,Орехов,+7 (973) 416 70-13,shcherbakovgeorgi@hotmail.com
771,Андроник,Шарапов,+7 (943) 307 84-94,beljakovagalina@yahoo.com
772,Фома,Красильников,+7 (934) 586 25-69,bbelozerov@hotmail.com
773,Поликарп,Бобров,+7 (931) 853 53-97,zhanna_2013@gmail.com
774,Владимир,Капустин,+7 (977) 309 89-58,kalashnikovmark@rambler.ru
775,Николай,Уваров,+7 (947) 578 44-98,kopilovsamson@hotmail.com
776,Севастьян,Федосеев,+7 (968) 474 83-83,jaroslav32@yahoo.com
777,Фотий,Константинов,+7 (988) 276 58-22,spartakpavlov@yandex.ru
778,Михаил,Шашков,+7 (909) 540 06-26,selivan45@hotmail.com
779,Доброслав,Виноградов,+7 (971) 973 41-17,pavlovaija@mail.ru
780,Лука,Силин,+7 (958) 240 52-76,jakovlevataisija@yahoo.com
781,Харитон,Вишняков,+7 (956) 277 18-90,semenovfeofan@rambler.ru
782,Анисим,Игнатов,+7 (917) 441 22-39,varlaam_95@hotmail.com
783,Максимильян,Казаков,+7 (921) 669 60-47,lapintrofim@gmail.com
784,Орест,Осипов,+7 (934) 408 94-34,kdoronina@hotmail.com
785,Василий,Ситников,+7 (901) 566 40-99,mirsobolev@mail.ru
786,Станимир,Логинов,+7 (931) 798 42-69,gedeon30@mail.ru
787,Дорофей,Носков,+7 (988) 221 68-34,kolobovaekaterina@gmail.com
788,Леонид,Киселев,+7 (937) 272 90-69,tarasovefrem@yahoo.com
789,Василий,Захаров,+7 (969) 419 13-98,trifon_2002@rambler.ru
790,Ульян,Фокин,+7 (916) 931 78-86,litkinagge@mail.ru
791,Мина,Галкин,+7 (945) 729 74-18,galina49@mail.ru
792,Афанасий,Некрасов,+7 (903) 986 55-16,drozdovkim@yahoo.com
793,Леонид,Котов,+7 (922) 182 80-57,ypanova@yandex.ru
794,Аверкий,Власов,+7 (978) 289 69-09,kudrjashovaevgenija@gmail.com
795,Александр,Лобанов,+7 (933) 413 12-31,vitali_40@hotmail.com
796,Гедеон,Орехов,+7 (908) 663 17-54,kuznetsovklavdi@yandex.ru
797,Зосима,Евсеев,+7 (908) 989 32-55,jakub_1976@rambler.ru
798,Савватий,Ефремов,+7 (964) 635 35-18,gerasim52@yandex.ru
799,Руслан,Сысоев,+7 (910) 959 07-27,birjukovlukjan@mail.ru
800,Григорий,Ефремов,+7 (962) 222 35-16,jakushevavarvara@mail.ru
801,Селиван,Лапин,+7 (937) 526 64-72,egorovmoise@hotmail.com
802,Аким,Фомин,+7 (949) 138 07-79,kondratevauljana@yandex.ru
803,Тит,Дмитриев,+7 (965) 328 76-20,matve31@rambler.ru
804,Александр,Родионов,+7 (919) 782 52-65,arhip_1990@mail.ru
805,Тарас,Туров,+7 (900) 266 66-31,prohor1982@yahoo.com
806,Всемил,Соколов,+7 (994) 941 38-42,antonin2001@rambler.ru
807,Святополк,Федотов,+7 (931) 992 98-33,mjudin@hotmail.com
808,Борис,Калашников,+7 (922) 444 51-75,innokenti2019@mail.ru
809,Савва,Журавлев,+7 (969) 924 19-59,sofija51@rambler.ru
810,Бажен,Тимофеев,+7 (964) 101 72-17,tihonovradislav@mail.ru
811,Ювеналий,Журавлев,+7 (903) 307 67-62,dgrishin@gmail.com
812,Лаврентий,Носов,+7 (984) 371 29-85,jakov1974@yahoo.com
813,Феоктист,Селезнев,+7 (940) 237 37-68,beljakovaalevtina@gmail.com
814,Дмитрий,Корнилов,+7 (913) 388 61-45,varlaam91@yahoo.com
815,Венедикт,Шарапов,+7 (935) 199 61-10,shcherbakovavalerija@gmail.com
816,Зиновий,Кондратьев,+7 (946) 411 84-55,fadeshchukin@yahoo.com
817,Платон,Петров,+7 (933) 710 44-35,ratibor1983@yahoo.com
818,Борислав,Богданов,+7 (920) 410 04-66,okolesnikova@yahoo.com
819,Мартьян,Евсеев,+7 (933) 321 11-91,arseni_86@gmail.com
820,Никита,Голубев,+7 (908) 805 65-45,ljudmila_2016@yandex.ru
821,Платон,Никонов,+7 (997) 636 28-65,sshcherbakova@hotmail.com
822,Олимпий,Николаев,+7 (948) 822 02-64,knjazevapollinari@hotmail.com
823,Эрнст,Давыдов,+7 (913) 549 90-63,anatoli2010@rambler.ru
824,Ираклий,Петров,+7 (954) 555 53-60,ippolitmuhin@rambler.ru
825,Антонин,Фадеев,+7 (963) 659 39-38,ratmir_1994@yahoo.com
826,Ювеналий,Прохоров,+7 (936) 796 50-54,gordeevagalina@yahoo.com
827,Иларион,Мясников,+7 (901) 616 36-90,doroninataisija@rambler.ru
828,Борислав,Кондратьев,+7 (944) 492 18-11,nikitinnatan@yandex.ru
829,Фадей,Титов,+7 (955) 648 40-77,dmitri_28@mail.ru
830,Симон,Максимов,+7 (912) 417 96-92,pavlovernest@yandex.ru
831,Никифор,Соколов,+7 (994) 959 54-83,oksana24@gmail.com
832,Артем,Бобылев,+7 (958) 588 49-39,ribakovklavdi@yandex.ru
833,Савва,Симонов,+7 (994) 969 03-52,alina1992@rambler.ru
834,Болеслав,Куликов,+7 (942) 140 79-35,raisa_1999@gmail.com
835,Роман,Кириллов,+7 (925) 478 16-89,narkisponomarev@rambler.ru
836,Карл,Калашников,+7 (934) 495 53-59,potap1979@rambler.ru
837,Бажен,Зуев,+7 (952) 439 34-81,sazonovbronislav@rambler.ru
838,Ульян,Константинов,+7 (907) 153 10-73,adambeljakov@mail.ru
839,Викентий,Симонов,+7 (926) 179 97-09,dobromisl19@hotmail.com
840,Эмиль,Григорьев,+7 (954) 687 16-80,efrem_2024@rambler.ru
841,Варлаам,Воробьев,+7 (953) 430 39-45,bogdan34@yahoo.com
842,Севастьян,Захаров,+7 (950) 899 76-12,sinklitikija31@hotmail.com
843,Святополк,Шестаков,+7 (975) 551 58-42,petuhovasvetlana@yandex.ru
844,Фадей,Горбачев,+7 (960) 999 04-96,ladislav61@hotmail.com
845,Януарий,Колобов,+7 (964) 186 08-86,tstepanova@yandex.ru
846,Евграф,Сорокин,+7 (976) 711 17-17,timofe17@hotmail.com
847,Егор,Савин,+7 (915) 103 19-92,turovagalina@rambler.ru
848,Ипполит,Ларионов,+7 (977) 365 87-58,raisa_2007@mail.ru
849,Куприян,Панов,+7 (932) 188 32-73,lebedevavalerija@rambler.ru
850,Андрон,Игнатьев,+7 (978) 714 10-86,lavrenti_91@hotmail.com
851,Панкратий,Воронцов,+7 (980) 774 88-51,martjan_2017@mail.ru
852,Ярополк,Блинов,+7 (922) 133 82-30,antonin1988@yandex.ru
853,Куприян,Власов,+7 (965) 530 53-76,rostislav90@rambler.ru
854,Виссарион,Кабанов,+7 (997) 661 50-78,fedor23@yandex.ru
855,Дементий,Субботин,+7 (990) 837 58-34,kulakovanisim@rambler.ru
856,Карп,Гришин,+7 (949) 979 88-37,yguljaeva@rambler.ru
857,Аггей,Ершов,+7 (964) 391 50-19,skovaleva@gmail.com
858,Алексей,Логинов,+7 (986) 749 14-76,jakovlevpotap@rambler.ru
859,Кузьма,Игнатьев,+7 (985) 600 36-43,jpanov@hotmail.com
860,Аким,Калашников,+7 (956) 143 24-09,golubevharlampi@yandex.ru
861,Юлиан,Гуляев,+7 (918) 439 02-94,blinovafaina@hotmail.com
862,Соломон,Федотов,+7 (987) 783 74-97,kozlovsofron@yahoo.com
863,Панкрат,Беспалов,+7 (914) 479 74-81,seleznevapolina@mail.ru
864,Тимофей,Григорьев,+7 (990) 229 81-69,mefodi2008@yahoo.com
865,Артем,Комаров,+7 (902) 975 37-78,serafimanisimov@hotmail.com
866,Парфен,Горшков,+7 (914) 445 68-08,moke2010@yandex.ru
867,Глеб,Архипов,+7 (967) 102 39-93,sidorkoshelev@hotmail.com
868,Филипп,Цветков,+7 (950) 795 61-89,andrezikov@gmail.com
869,Фома,Мартынов,+7 (979) 650 42-86,kalininnifont@yandex.ru
870,Милан,Герасимов,+7 (904) 909 74-34,iraida_2003@yahoo.com
871,Фрол,Борисов,+7 (937) 353 10-98,radovanstepanov@yahoo.com
872,Мир,Осипов,+7 (925) 703 65-32,rodionnekrasov@yahoo.com
873,Савелий,Панов,+7 (910) 680 01-60,karpovvladimir@mail.ru
874,Герасим,Кононов,+7 (994) 479 76-89,vitalinazarov@hotmail.com
875,Радим,Гущин,+7 (958) 328 26-60,vorontsovkarp@yahoo.com
876,Варлаам,Терентьев,+7 (946) 356 35-17,ustinovfedot@gmail.com
877,Митофан,Прохоров,+7 (908) 941 68-49,osipovharlampi@gmail.com
878,Антип,Зайцев,+7 (920) 316 87-49,lev_16@yandex.ru
879,Афанасий,Антонов,+7 (923) 611 87-68,tatjana1986@gmail.com
880,Добромысл,Блохин,+7 (989) 505 40-69,militsa2006@yandex.ru
881,Михаил,Некрасов,+7 (952) 802 50-80,nestor_04@rambler.ru
882,Савватий,Смирнов,+7 (913) 214 23-74,uvarovfrol@yahoo.com
883,Антонин,Королев,+7 (950) 938 87-51,silvestr2008@rambler.ru
884,Карл,Шилов,+7 (939) 991 30-84,elise_59@yandex.ru
885,Панкратий,Игнатьев,+7 (923) 403 81-24,beljakovaksenija@mail.ru
886,Галактион,Николаев,+7 (969) 170 03-58,hohlovanisim@hotmail.com
887,Анисим,Цветков,+7 (986) 897 91-27,aleksandr1979@yahoo.com
888,Адриан,Ефремов,+7 (959) 991 88-07,akim_1994@yahoo.com
889,Харитон,Тимофеев,+7 (971) 759 56-47,ntsvetkova@gmail.com
890,Казимир,Корнилов,+7 (922) 827 47-73,sergeevvladimir@hotmail.com
891,Эрнест,Лихачев,+7 (924) 295 22-19,roman51@hotmail.com
892,Петр,Пахомов,+7 (981) 193 57-02,tgerasimov@rambler.ru
893,Симон,Яковлев,+7 (926) 978 43-77,shirjaevpavel@rambler.ru
894,Потап,Туров,+7 (934) 588 65-63,kovalevavtonom@gmail.com
895,Андрей,Волков,+7 (911) 938 22-04,bobilevnatan@mail.ru
896,Мечислав,Киселев,+7 (949) 532 56-53,ukalinin@rambler.ru
897,Герасим,Панфилов,+7 (976) 818 09-59,dmitrianisimov@hotmail.com
898,Капитон,Соболев,+7 (932) 492 34-83,evstafisitnikov@yahoo.com
899,Тит,Фомичев,+7 (971) 305 44-64,oksana21@yahoo.com
900,Орест,Коновалов,+7 (953) 550 21-71,klavdi44@rambler.ru
901,Кир,Стрелков,+7 (976) 309 01-42,boleslav_93@mail.ru
902,Каллистрат,Суворов,+7 (953) 130 46-93,dantonova@yandex.ru
903,Порфирий,Власов,+7 (950) 461 93-19,ladislavshilov@gmail.com
904,Аполлинарий,Беляков,+7 (928) 398 34-26,sburova@rambler.ru
905,Юлий,Родионов,+7 (954) 465 53-22,venedikt_2003@yandex.ru
906,Нифонт,Романов,+7 (912) 278 56-82,ferapontnikolaev@mail.ru
907,Эмиль,Рожков,+7 (994) 997 96-01,galaktion_58@rambler.ru
908,Адриан,Гурьев,+7 (903) 861 63-13,foti25@hotmail.com
909,Вадим,Цветков,+7 (929) 576 43-81,gremislavprohorov@yahoo.com
910,Савелий,Терентьев,+7 (926) 432 71-39,aristarhkulagin@yandex.ru
911,Никанор,Никонов,+7 (938) 869 81-63,ckapustina@gmail.com
912,Евграф,Романов,+7 (952) 174 46-67,qselezneva@yandex.ru
913,Никон,Калашников,+7 (935) 871 56-70,ziminzahar@yahoo.com
914,Федосий,Федосеев,+7 (990) 332 46-04,vlas2000@yandex.ru
915,Платон,Фомин,+7 (970) 468 71-83,harlampi1994@yandex.ru
916,Наум,Сергеев,+7 (966) 296 76-94,kozlovdementi@mail.ru
917,Станимир,Галкин,+7 (974) 888 80-27,igormarkov@mail.ru
918,Ипат,Кудряшов,+7 (912) 164 64-33,olimpiada_29@gmail.com
919,Вацлав,Терентьев,+7 (954) 552 49-06,vitali_76@yahoo.com
920,Святослав,Панфилов,+7 (936) 982 13-35,timofeevernst@gmail.com
921,Иосиф,Стрелков,+7 (906) 955 16-92,arhip_1999@rambler.ru
922,Любим,Горбачев,+7 (976) 289 91-75,milovan1970@gmail.com
923,Мир,Васильев,+7 (946) 236 16-40,alla_1985@gmail.com
924,Владлен,Юдин,+7 (967) 325 09-13,sazonovamargarita@rambler.ru
925,Леон,Зайцев,+7 (945) 844 86-74,knjazevakim@yahoo.com
926,Дементий,Хохлов,+7 (925) 288 69-14,bikovazari@yahoo.com
927,Агафон,Богданов,+7 (994) 925 22-37,radislavisakov@yandex.ru
928,Платон,Кошелев,+7 (981) 607 24-36,oshilova@yandex.ru
929,Евграф,Филиппов,+7 (934) 241 72-15,askold2020@yandex.ru
930,Савва,Марков,+7 (946) 855 51-72,lpetuhov@rambler.ru
931,Селиван,Рыбаков,+7 (913) 976 42-86,nekrasovsimon@yahoo.com
932,Игорь,Никитин,+7 (909) 853 07-66,mgorshkova@yandex.ru
933,Серафим,Трофимов,+7 (907) 404 72-13,vasilevvseslav@hotmail.com
934,Касьян,Герасимов,+7 (927) 484 35-30,veniamin_45@hotmail.com
935,Лука,Силин,+7 (996) 304 12-94,saveli_02@yahoo.com
936,Борис,Родионов,+7 (929) 424 75-47,fade_71@yandex.ru
937,Всеслав,Лаврентьев,+7 (948) 468 70-54,germananisimov@hotmail.com
938,Марк,Большаков,+7 (931) 640 49-07,ignatovamargarita@hotmail.com
939,Данила,Шарапов,+7 (908) 357 40-23,lukinvarfolome@yahoo.com
940,Ипат,Вишняков,+7 (952) 613 73-05,osipovtrofim@yandex.ru
941,Агафон,Миронов,+7 (928) 885 76-96,regina_1978@yahoo.com
942,Светозар,Игнатов,+7 (984) 422 19-30,rodion2015@hotmail.com
943,Олимпий,Тимофеев,+7 (983) 121 61-91,zstepanova@rambler.ru
944,Серафим,Рогов,+7 (910) 258 00-62,averki96@yahoo.com
945,Лавр,Шаров,+7 (972) 633 00-32,sharovsimon@rambler.ru
946,Богдан,Иванов,+7 (985) 298 18-11,jakushevaglafira@yahoo.com
947,Рюрик,Миронов,+7 (927) 676 87-91,vladislavbelousov@mail.ru
948,Модест,Нестеров,+7 (959) 136 84-90,marfa2007@hotmail.com
949,Азарий,Костин,+7 (979) 482 58-85,david_78@rambler.ru
950,Ефрем,Денисов,+7 (994) 833 53-38,safonovmiron@hotmail.com
951,Корнил,Зыков,+7 (907) 775 00-84,isaevvitali@rambler.ru
952,Владислав,Комаров,+7 (967) 699 10-99,zhukovavalentina@hotmail.com
953,Владилен,Вишняков,+7 (935) 681 32-31,maksimevseev@rambler.ru
954,Сигизмунд,Козлов,+7 (925) 630 19-80,kiselevgleb@mail.ru
955,Захар,Лобанов,+7 (920) 838 86-24,bolshakovuljan@mail.ru
956,Ян,Никифоров,+7 (925) 343 03-72,mzatseva@rambler.ru
957,Адам,Соколов,+7 (944) 373 48-87,veronika2018@rambler.ru
958,Януарий,Марков,+7 (956) 676 07-03,trofimseleznev@yahoo.com
959,Мечислав,Филиппов,+7 (939) 559 96-35,enekrasova@hotmail.com
960,Ладимир,Горбунов,+7 (924) 426 25-00,taisija1985@hotmail.com
961,Леон,Самойлов,+7 (961) 427 32-52,panfilovratibor@yahoo.com
962,Измаил,Доронин,+7 (980) 234 32-23,kapiton_83@gmail.com
963,Феликс,Зиновьев,+7 (963) 588 62-21,petuhovarefi@rambler.ru
964,Анисим,Ермаков,+7 (988) 740 79-17,xdanilova@yandex.ru
965,Степан,Сергеев,+7 (902) 173 57-21,golubevmefodi@gmail.com
966,Савелий,Яковлев,+7 (951) 919 67-63,zinovevevdokim@rambler.ru
967,Ферапонт,Кондратьев,+7 (955) 524 11-27,spartak_2002@mail.ru
968,Леонид,Овчинников,+7 (973) 990 01-49,zinovevfilaret@yahoo.com
969,Христофор,Воронов,+7 (981) 913 82-15,averjan30@mail.ru
970,Демьян,Богданов,+7 (977) 573 61-11,vatslavrogov@mail.ru
971,Ян,Куликов,+7 (931) 806 00-78,ernestseliverstov@hotmail.com
972,Ипатий,Бобылев,+7 (903) 692 18-28,sharapovaraisa@yahoo.com
973,Дмитрий,Павлов,+7 (927) 630 43-61,simon1995@hotmail.com
974,Гедеон,Мельников,+7 (923) 479 88-38,fevdokimov@hotmail.com
975,Захар,Кулаков,+7 (930) 110 90-61,artemi1982@rambler.ru
976,Кузьма,Жуков,+7 (984) 946 75-52,fedor_57@hotmail.com
977,Евгений,Логинов,+7 (918) 971 77-21,gusevanike@yandex.ru
978,Любим,Кузьмин,+7 (999) 777 76-42,knjazevsigizmund@hotmail.com
979,Ипполит,Федоров,+7 (935) 900 07-53,cgordeeva@yahoo.com
980,Азарий,Евдокимов,+7 (972) 740 79-66,gurevaanzhelika@rambler.ru
981,Селиверст,Киселев,+7 (927) 910 68-27,varvara85@gmail.com
982,Олимпий,Веселов,+7 (955) 792 72-00,silvestr82@hotmail.com
983,Гордей,Суханов,+7 (939) 491 43-60,judinanike@yandex.ru
984,Роман,Денисов,+7 (905) 265 28-31,shcherbakovplaton@yandex.ru
985,Емельян,Кулаков,+7 (998) 434 08-23,luvarov@yahoo.com
986,Владимир,Туров,+7 (931) 104 09-28,belousovairaida@gmail.com
987,Егор,Агафонов,+7 (969) 111 27-13,kzueva@hotmail.com
988,Демид,Мамонтов,+7 (944) 848 70-45,mark_34@yahoo.com
989,Парамон,Молчанов,+7 (993) 139 91-28,wshcherbakov@yandex.ru
990,Лазарь,Шубин,+7 (975) 891 46-80,lavrenti1997@rambler.ru
991,Ратмир,Колесников,+7 (994) 581 89-64,porfiri80@hotmail.com
992,Ратибор,Баранов,+7 (957) 335 05-35,psorokin@yandex.ru
993,Андрей,Воробьев,+7 (945) 523 68-61,vitaliignatov@hotmail.com
994,Гостомысл,Третьяков,+7 (978) 257 52-45,askold_1980@rambler.ru
995,Ипполит,Чернов,+7 (966) 332 65-58,rkoshelev@gmail.com
996,Радим,Мухин,+7 (953) 916 82-43,feoktistkulikov@hotmail.com
997,Наум,Суворов,+7 (985) 317 86-59,vzhukova@yandex.ru
998,Модест,Лобанов,+7 (970) 471 34-55,kuzma_77@gmail.com
999,Радислав,Субботин,+7 (987) 455 16-84,mamontovazhanna@rambler.ru
1000,Максим,Лукин,+7 (994) 767 56-69,mir_2021@mail.ru
