id,first_name,last_name,phone_number,specialization,work_experience
1,Емельян,Агафонов,+7 (990) 170 82-14,Автомеханик,13.9
2,Селиверст,Титов,+7 (902) 226 10-32,Шиномонтажник,19.5
3,Валентин,Комаров,+7 (929) 633 86-26,Автоэлектрик,18.2
4,Амвросий,Гришин,+7 (965) 205 11-21,Шиномонтажник,17.3
5,Стоян,Ситников,+7 (903) 435 38-35,Автомеханик,15.0
6,Геннадий,Лебедев,+7 (923) 560 96-42,Шиномонтажник,23.5
7,Ратмир,Ермаков,+7 (923) 138 91-44,Автомеханик,18.5
8,Всемил,Лобанов,+7 (919) 948 74-37,Автослесарь,3.3
9,Харитон,Михеев,+7 (929) 248 14-78,Автомаляр,27.5
10,Устин,Якушев,+7 (905) 508 50-40,Рихтовщик,25.7
11,Иван,Мартынов,+7 (901) 458 56-11,Кузовщик,31.0
12,Владимир,Дроздов,+7 (927) 567 75-10,Автомеханик,22.9
13,Олимпий,Орехов,+7 (915) 550 61-82,Автомаляр,15.4
14,Денис,Блохин,+7 (908) 290 61-51,Кузовщик,12.3
15,Орест,Мельников,+7 (953) 106 79-33,Автомаляр,15.3
16,Феоктист,Жуков,+7 (913) 800 52-59,Кузовщик,11.6
17,Творимир,Блохин,+7 (971) 295 64-03,Рихтовщик,21.1
18,Радим,Богданов,+7 (933) 649 97-67,Автоэлектрик,1.0
19,Орест,Власов,+7 (974) 758 76-09,Автомеханик,31.0
20,Изот,Кузьмин,+7 (904) 933 72-93,Шиномонтажник,3.4
21,Ростислав,Муравьев,+7 (954) 138 29-37,Автоэлектрик,30.3
22,Дорофей,Тимофеев,+7 (968) 833 65-38,Кузовщик,4.7
23,Серафим,Евсеев,+7 (908) 942 57-69,Кузовщик,28.7
24,Павел,Савин,+7 (982) 787 42-45,Автомеханик,17.3
25,Радим,Абрамов,+7 (935) 850 28-33,Автомаляр,31.1
26,Игнатий,Гаврилов,+7 (925) 757 76-85,Кузовщик,10.7
27,Касьян,Андреев,+7 (953) 456 76-00,Автослесарь,18.8
28,Каллистрат,Воробьев,+7 (939) 251 01-98,Кузовщик,9.3
29,Аполлинарий,Потапов,+7 (974) 972 26-75,Автомаляр,30.6
30,Пахом,Никитин,+7 (937) 381 82-83,Рихтовщик,18.7
31,Зиновий,Шашков,+7 (910) 171 87-91,Автомеханик,4.0
32,Валентин,Герасимов,+7 (971) 863 27-07,Автоэлектрик,4.4
33,Спиридон,Костин,+7 (952) 643 47-00,Рихтовщик,18.3
34,Милий,Иванов,+7 (914) 866 43-61,Кузовщик,13.7
35,Антип,Корнилов,+7 (970) 782 30-97,Автоэлектрик,30.1
36,Пахом,Субботин,+7 (943) 589 70-39,Рихтовщик,19.9
37,Осип,Михайлов,+7 (915) 398 07-99,Кузовщик,3.3
38,Сергей,Кононов,+7 (911) 686 22-91,Шиномонтажник,13.4
39,Авдей,Васильев,+7 (950) 233 48-72,Автоэлектрик,13.0
40,Онуфрий,Гущин,+7 (926) 562 85-59,Шиномонтажник,20.0
41,Любосмысл,Никифоров,+7 (993) 243 00-72,Автомеханик,13.2
42,Евстигней,Бобылев,+7 (901) 883 20-67,Автомеханик,28.4
43,Лонгин,Назаров,+7 (978) 790 77-09,Кузовщик,10.0
44,Евдоким,Зиновьев,+7 (967) 585 39-21,Автомеханик,30.1
45,Пимен,Федотов,+7 (924) 592 64-17,Автоэлектрик,7.9
46,Панфил,Николаев,+7 (929) 909 67-94,Автомеханик,15.0
47,Капитон,Ситников,+7 (927) 395 41-30,Автомаляр,3.1
48,Селиверст,Иванов,+7 (971) 761 30-58,Автоэлектрик,3.0
49,Артемий,Дементьев,+7 (943) 924 82-91,Кузовщик,2.6
50,Амос,Капустин,+7 (994) 498 96-21,Автослесарь,7.6
51,Рюрик,Поляков,+7 (936) 332 93-92,Шиномонтажник,22.2
52,Афиноген,Соболев,+7 (931) 602 40-44,Автомеханик,21.7
53,Тимофей,Селезнев,+7 (992) 932 33-20,Автоэлектрик,27.2
54,Лазарь,Хохлов,+7 (915) 508 39-82,Кузовщик,11.5
55,Аверкий,Субботин,+7 (975) 329 20-94,Рихтовщик,14.5
56,Дорофей,Хохлов,+7 (948) 121 92-57,Автоэлектрик,22.9
57,Натан,Наумов,+7 (988) 967 66-43,Автомаляр,14.0
58,Агафон,Овчинников,+7 (967) 889 74-30,Автоэлектрик,3.0
59,Никон,Доронин,+7 (947) 677 92-31,Автомаляр,25.2
60,Соломон,Смирнов,+7 (993) 307 39-70,Рихтовщик,31.5
61,Радован,Лыткин,+7 (929) 419 52-09,Автослесарь,21.2
62,Эрнст,Кузнецов,+7 (997) 128 94-02,Рихтовщик,24.9
63,Лавр,Симонов,+7 (925) 133 78-95,Автоэлектрик,19.2
64,Устин,Кулаков,+7 (980) 922 29-03,Кузовщик,27.5
65,Климент,Быков,+7 (901) 266 81-09,Автомаляр,4.3
66,Добромысл,Панфилов,+7 (936) 122 07-18,Автомеханик,5.0
67,Захар,Евсеев,+7 (901) 536 12-59,Автомаляр,28.7
68,Евсей,Громов,+7 (964) 961 35-17,Кузовщик,27.7
69,Фока,Игнатьев,+7 (947) 574 58-45,Кузовщик,25.2
70,Панкрат,Лыткин,+7 (952) 181 71-76,Кузовщик,8.8
71,Ладимир,Тетерин,+7 (930) 350 86-37,Автослесарь,29.6
72,Лавр,Владимиров,+7 (911) 707 75-36,Автомеханик,18.4
73,Милован,Давыдов,+7 (929) 453 62-80,Автослесарь,6.4
74,Руслан,Ефимов,+7 (988) 850 51-03,Шиномонтажник,26.4
75,Нифонт,Горшков,+7 (906) 956 19-96,Автоэлектрик,30.0
76,Милован,Зиновьев,+7 (979) 508 16-48,Кузовщик,7.1
77,Карп,Кабанов,+7 (961) 290 68-25,Автомеханик,6.9
78,Игорь,Куликов,+7 (950) 810 47-01,Автомеханик,7.5
79,Евграф,Горбунов,+7 (962) 299 16-16,Кузовщик,8.3
80,Радислав,Миронов,+7 (959) 620 89-48,Автомеханик,21.9
81,Иосиф,Беляков,+7 (913) 297 77-52,Кузовщик,8.2
82,Евстафий,Сазонов,+7 (999) 902 90-98,Кузовщик,2.5
83,Тимофей,Костин,+7 (921) 701 54-43,Кузовщик,24.0
84,Иван,Макаров,+7 (992) 483 49-01,Автомаляр,3.7
85,Влас,Коновалов,+7 (942) 821 82-24,Кузовщик,11.8
86,Евсей,Воробьев,+7 (945) 252 48-52,Автомаляр,12.0
87,Константин,Фадеев,+7 (934) 242 70-37,Автомаляр,18.8
88,Никодим,Кабанов,+7 (953) 982 27-89,Автослесарь,26.9
89,Фотий,Ширяев,+7 (951) 649 20-97,Автослесарь,7.0
90,Натан,Копылов,+7 (965) 679 15-84,Автоэлектрик,14.0
91,Митофан,Щербаков,+7 (991) 283 02-31,Автоэлектрик,26.4
92,Измаил,Алексеев,+7 (933) 973 16-82,Автомеханик,22.4
93,Ананий,Борисов,+7 (955) 244 73-58,Кузовщик,16.7
94,Вячеслав,Корнилов,+7 (911) 214 50-71,Автомеханик,2.5
95,Милен,Вишняков,+7 (979) 144 20-00,Автомеханик,16.6
96,Натан,Мамонтов,+7 (933) 704 48-92,Шиномонтажник,23.0
97,Ипат,Авдеев,+7 (968) 936 90-13,Автоэлектрик,10.3
98,Адам,Герасимов,+7 (938) 629 37-20,Автоэлектрик,15.1
99,Фома,Шарапов,+7 (956) 977 03-24,Шиномонтажник,14.0
100,Парамон,Соколов,+7 (996) 446 66-02,Автоэлектрик,6.3
101,Ладимир,Колесников,+7 (923) 766 50-62,Шиномонтажник,23.3
102,Афиноген,Гусев,+7 (905) 101 85-46,Автомаляр,11.5
103,Моисей,Кабанов,+7 (941) 828 87-32,Кузовщик,3.1
104,Константин,Поляков,+7 (981) 435 95-56,Автомаляр,17.0
105,Ярослав,Самойлов,+7 (933) 534 66-89,Автомеханик,7.7
106,Севастьян,Пономарев,+7 (953) 180 13-69,Автомеханик,20.7
107,Наркис,Панов,+7 (971) 444 53-25,Автоэлектрик,28.5
108,Анисим,Евсеев,+7 (913) 557 37-16,Автоэлектрик,28.7
109,Матвей,Филатов,+7 (946) 335 55-36,Шиномонтажник,19.9
110,Арефий,Лебедев,+7 (932) 174 40-86,Автомаляр,10.0
111,Измаил,Красильников,+7 (905) 393 10-10,Шиномонтажник,11.7
112,Милен,Архипов,+7 (976) 809 67-01,Автоэлектрик,16.6
113,Фотий,Зыков,+7 (903) 308 18-78,Автомеханик,7.0
114,Гремислав,Фомичев,+7 (979) 743 52-62,Кузовщик,11.8
115,Тарас,Лаврентьев,+7 (957) 951 76-82,Шиномонтажник,20.5
116,Гаврила,Селиверстов,+7 (918) 990 01-84,Рихтовщик,21.9
117,Варфоломей,Уваров,+7 (930) 183 45-65,Автомеханик,8.8
118,Измаил,Орехов,+7 (996) 629 09-81,Автоэлектрик,28.4
119,Флорентин,Колесников,+7 (994) 494 83-41,Автомаляр,2.0
120,Рубен,Громов,+7 (919) 185 53-43,Автоэлектрик,2.0
121,Егор,Романов,+7 (940) 542 50-26,Кузовщик,16.6
122,Будимир,Нестеров,+7 (932) 304 64-93,Автоэлектрик,14.0
123,Валерий,Рыбаков,+7 (941) 805 64-74,Автоэлектрик,3.9
124,Амвросий,Костин,+7 (992) 712 17-90,Автослесарь,9.2
125,Епифан,Кузнецов,+7 (918) 851 48-94,Автомаляр,21.3
126,Эмиль,Михайлов,+7 (982) 588 62-31,Автослесарь,28.1
127,Рубен,Сидоров,+7 (901) 980 15-40,Автомаляр,12.4
128,Зосима,Кириллов,+7 (950) 791 97-98,Автослесарь,6.6
129,Милован,Кошелев,+7 (933) 707 87-17,Автослесарь,8.0
130,Аскольд,Матвеев,+7 (995) 286 02-21,Кузовщик,14.0
131,Карл,Симонов,+7 (969) 365 91-38,Автоэлектрик,6.7
132,Адам,Авдеев,+7 (932) 811 37-07,Автослесарь,25.0
133,Варфоломей,Кузнецов,+7 (965) 242 08-15,Автослесарь,6.4
134,Филимон,Жуков,+7 (992) 406 06-94,Автомаляр,30.0
135,Фока,Муравьев,+7 (953) 124 87-16,Автоэлектрик,12.0
136,Софон,Родионов,+7 (942) 504 90-35,Шиномонтажник,2.6
137,Спиридон,Тарасов,+7 (916) 537 35-92,Кузовщик,22.1
138,Христофор,Капустин,+7 (999) 201 82-27,Кузовщик,8.5
139,Амвросий,Новиков,+7 (934) 664 23-20,Кузовщик,7.1
140,Никандр,Гордеев,+7 (940) 229 83-36,Автослесарь,3.0
141,Ростислав,Власов,+7 (950) 935 11-50,Автоэлектрик,8.5
142,Самуил,Богданов,+7 (938) 181 76-48,Автоэлектрик,31.7
143,Пров,Туров,+7 (976) 807 95-05,Рихтовщик,8.7
144,Сократ,Трофимов,+7 (985) 899 82-59,Рихтовщик,27.3
145,Будимир,Селиверстов,+7 (997) 355 39-41,Кузовщик,25.7
146,Юрий,Лаврентьев,+7 (923) 687 97-91,Автоэлектрик,2.1
147,Софон,Игнатов,+7 (944) 872 85-46,Автомеханик,25.7
148,Денис,Медведев,+7 (980) 193 73-04,Шиномонтажник,7.9
149,Валентин,Романов,+7 (933) 562 21-36,Автомаляр,22.7
150,Измаил,Корнилов,+7 (930) 807 57-05,Шиномонтажник,22.8
151,Всеслав,Якушев,+7 (959) 792 16-03,Рихтовщик,30.0
152,Ратибор,Петухов,+7 (912) 662 12-66,Кузовщик,26.4
153,Аникита,Козлов,+7 (905) 634 67-73,Автомеханик,16.4
154,Ананий,Назаров,+7 (916) 210 88-65,Автомаляр,7.9
155,Ярополк,Дьячков,+7 (963) 188 07-60,Рихтовщик,10.0
156,Панкрат,Уваров,+7 (928) 620 44-26,Автомеханик,23.9
157,Мир,Одинцов,+7 (957) 657 30-20,Шиномонтажник,4.1
158,Ян,Кондратьев,+7 (965) 935 82-33,Автомаляр,11.6
159,Сергей,Бобылев,+7 (948) 787 30-09,Автомеханик,3.2
160,Амвросий,Белов,+7 (926) 106 35-92,Автомеханик,24.6
161,Вацлав,Ильин,+7 (918) 150 91-20,Автоэлектрик,4.8
162,Зосима,Молчанов,+7 (994) 217 62-56,Кузовщик,12.2
163,Никон,Артемьев,+7 (961) 433 92-36,Рихтовщик,19.5
164,Ипполит,Колесников,+7 (994) 890 28-97,Автослесарь,7.1
165,Мирон,Симонов,+7 (969) 553 19-11,Автослесарь,30.2
166,Аверкий,Антонов,+7 (996) 844 92-13,Шиномонтажник,12.0
167,Геннадий,Кудряшов,+7 (935) 697 69-02,Автоэлектрик,2.7
168,Ананий,Тимофеев,+7 (949) 811 15-02,Шиномонтажник,14.1
169,Фома,Трофимов,+7 (950) 623 32-72,Кузовщик,4.8
170,Анисим,Матвеев,+7 (913) 101 49-70,Автомеханик,8.8
171,Ратмир,Крюков,+7 (922) 756 19-81,Рихтовщик,29.7
172,Христофор,Маслов,+7 (942) 526 96-66,Автомеханик,2.3
173,Матвей,Суханов,+7 (956) 901 02-97,Кузовщик,3.1
174,Максимильян,Филиппов,+7 (926) 459 58-03,Автослесарь,9.7
175,Матвей,Марков,+7 (907) 474 62-22,Автоэлектрик,5.7
176,Карп,Осипов,+7 (980) 337 04-63,Кузовщик,7.4
177,Пахом,Лыткин,+7 (952) 946 99-95,Кузовщик,7.0
178,Виктор,Колобов,+7 (954) 995 16-81,Рихтовщик,27.8
179,Сила,Павлов,+7 (919) 772 63-63,Кузовщик,19.5
180,Олег,Комаров,+7 (954) 314 04-13,Автослесарь,18.8
181,Лазарь,Жданов,+7 (943) 424 78-94,Кузовщик,14.3
182,Лучезар,Комиссаров,+7 (932) 780 62-67,Автослесарь,9.3
183,Зосима,Данилов,+7 (968) 356 18-02,Кузовщик,25.3
184,Егор,Кошелев,+7 (938) 359 98-13,Кузовщик,8.5
185,Родион,Носов,+7 (935) 423 39-41,Автомаляр,24.8
186,Арсений,Мишин,+7 (973) 144 15-12,Автомеханик,20.9
187,Петр,Евсеев,+7 (921) 186 44-10,Кузовщик,4.0
188,Ульян,Субботин,+7 (950) 292 18-60,Автоэлектрик,31.1
189,Эммануил,Лобанов,+7 (901) 203 89-62,Рихтовщик,22.3
190,Адриан,Сазонов,+7 (977) 316 81-38,Автоэлектрик,29.9
191,Константин,Воронцов,+7 (922) 225 05-74,Автомеханик,23.0
192,Святополк,Мамонтов,+7 (976) 207 49-52,Автомеханик,22.5
193,Ираклий,Игнатьев,+7 (920) 747 15-96,Кузовщик,3.4
194,Леон,Лихачев,+7 (962) 134 15-66,Кузовщик,24.2
195,Мечислав,Субботин,+7 (916) 443 39-55,Автоэлектрик,26.0
196,Владислав,Ситников,+7 (909) 587 52-92,Рихтовщик,11.9
197,Доброслав,Шашков,+7 (932) 186 55-12,Автослесарь,21.3
198,Осип,Филиппов,+7 (993) 250 32-19,Кузовщик,29.7
199,Светозар,Панфилов,+7 (998) 918 32-62,Рихтовщик,29.7
200,Фирс,Быков,+7 (984) 960 27-12,Кузовщик,19.1
201,Кир,Красильников,+7 (970) 799 50-05,Кузовщик,3.4
202,Эраст,Цветков,+7 (954) 461 28-29,Рихтовщик,3.4
203,Ефим,Молчанов,+7 (997) 837 98-29,Автоэлектрик,26.6
204,Руслан,Ефимов,+7 (968) 911 69-23,Автослесарь,30.9
205,Парамон,Антонов,+7 (927) 364 63-16,Автоэлектрик,17.3
206,Виталий,Рогов,+7 (946) 762 66-97,Шиномонтажник,23.6
207,Ким,Давыдов,+7 (912) 394 81-42,Автослесарь,12.7
208,Никандр,Борисов,+7 (907) 247 75-11,Шиномонтажник,21.4
209,Семен,Фомичев,+7 (933) 774 12-88,Кузовщик,10.3
210,Михей,Воробьев,+7 (989) 538 42-52,Шиномонтажник,8.1
211,Арсений,Филатов,+7 (979) 465 13-84,Автоэлектрик,1.6
212,Борис,Лобанов,+7 (903) 108 67-31,Автомеханик,10.7
213,Иван,Авдеев,+7 (918) 102 88-92,Автомеханик,30.9
214,Мина,Вишняков,+7 (993) 246 93-26,Шиномонтажник,24.0
215,Юлий,Рыбаков,+7 (957) 129 97-20,Автослесарь,30.7
216,Олимпий,Суханов,+7 (932) 548 21-61,Шиномонтажник,28.0
217,Наум,Вишняков,+7 (916) 607 02-26,Кузовщик,7.1
218,Трофим,Белозеров,+7 (982) 914 59-21,Автомеханик,16.1
219,Ладимир,Евсеев,+7 (933) 945 55-44,Автоэлектрик,18.9
220,Сигизмунд,Беспалов,+7 (920) 188 04-17,Автоэлектрик,4.5
221,Илья,Гущин,+7 (962) 427 32-54,Автослесарь,31.1
222,Игорь,Котов,+7 (947) 766 74-12,Рихтовщик,17.8
223,Федосий,Федотов,+7 (979) 537 02-83,Автомеханик,30.8
224,Денис,Андреев,+7 (959) 354 46-28,Автослесарь,22.8
225,Юлиан,Соловьев,+7 (962) 344 38-98,Автомаляр,14.9
226,Владислав,Нестеров,+7 (953) 963 03-51,Кузовщик,19.4
227,Изяслав,Мельников,+7 (937) 619 34-65,Автоэлектрик,22.5
228,Ростислав,Беляев,+7 (990) 666 04-13,Автослесарь,19.0
229,Дорофей,Александров,+7 (955) 595 74-64,Автомеханик,19.8
230,Исидор,Поляков,+7 (987) 194 46-58,Рихтовщик,10.0
231,Самсон,Шубин,+7 (973) 585 80-16,Кузовщик,12.2
232,Фока,Кулагин,+7 (938) 317 73-95,Автомеханик,1.3
233,Тарас,Павлов,+7 (955) 160 00-47,Рихтовщик,23.3
234,Артем,Беляев,+7 (950) 701 69-19,Кузовщик,25.1
235,Будимир,Туров,+7 (935) 101 66-74,Автослесарь,24.4
236,Аполлинарий,Алексеев,+7 (930) 752 88-05,Автомеханик,1.1
237,Мартын,Михеев,+7 (976) 637 26-31,Кузовщик,18.0
238,Ладимир,Константинов,+7 (983) 248 26-44,Автоэлектрик,15.2
239,Гаврила,Копылов,+7 (957) 497 66-16,Автомаляр,2.9
240,Парамон,Третьяков,+7 (916) 853 31-90,Автомаляр,25.0
241,Остромир,Кириллов,+7 (955) 411 60-92,Автослесарь,15.1
242,Прокл,Емельянов,+7 (919) 320 43-79,Шиномонтажник,12.3
243,Илья,Зимин,+7 (912) 551 19-33,Кузовщик,30.0
244,Гремислав,Лазарев,+7 (971) 385 08-11,Кузовщик,18.5
245,Аверкий,Суворов,+7 (963) 789 18-04,Автомеханик,15.7
246,Андроник,Носков,+7 (909) 814 23-29,Автомеханик,28.0
247,Мстислав,Авдеев,+7 (944) 573 39-20,Автослесарь,5.0
248,Савелий,Никонов,+7 (928) 966 51-00,Кузовщик,26.0
249,Никита,Борисов,+7 (904) 310 05-13,Кузовщик,22.1
250,Ананий,Бирюков,+7 (915) 394 82-89,Автослесарь,6.1
251,Яков,Жданов,+7 (989) 707 50-76,Рихтовщик,7.2
252,Мина,Алексеев,+7 (916) 725 10-33,Кузовщик,27.0
253,Яков,Самсонов,+7 (954) 836 59-85,Автослесарь,13.5
254,Гедеон,Андреев,+7 (985) 742 24-03,Рихтовщик,20.2
255,Эрнст,Аксенов,+7 (991) 208 84-56,Автомаляр,9.5
256,Юрий,Ширяев,+7 (960) 446 79-57,Рихтовщик,26.8
257,Лонгин,Кудрявцев,+7 (993) 849 84-57,Кузовщик,30.3
258,Клавдий,Панфилов,+7 (982) 609 66-68,Автомеханик,11.0
259,Милий,Кулаков,+7 (942) 609 64-22,Автомаляр,13.3
260,Радован,Кошелев,+7 (919) 956 87-04,Шиномонтажник,21.0
261,Орест,Русаков,+7 (901) 515 01-93,Автомеханик,29.6
262,Ферапонт,Поляков,+7 (983) 233 13-70,Автослесарь,26.0
263,Аполлон,Ковалев,+7 (982) 430 35-52,Кузовщик,6.9
264,Арефий,Федосеев,+7 (927) 312 00-94,Кузовщик,25.0
265,Игнатий,Симонов,+7 (984) 469 57-82,Автомаляр,9.2
266,Венедикт,Романов,+7 (950) 297 18-89,Автоэлектрик,29.0
267,Андрей,Самсонов,+7 (940) 219 26-72,Кузовщик,26.0
268,Христофор,Гуляев,+7 (927) 663 76-17,Автослесарь,24.1
269,Тит,Вишняков,+7 (939) 484 67-25,Автомеханик,23.7
270,Денис,Мухин,+7 (982) 503 85-86,Шиномонтажник,5.1
271,Стоян,Петров,+7 (981) 942 27-74,Автослесарь,6.6
272,Евстафий,Фадеев,+7 (967) 888 23-61,Автомеханик,5.5
273,Савва,Жуков,+7 (951) 264 96-37,Рихтовщик,18.3
274,Алексей,Кондратьев,+7 (944) 303 00-72,Автомеханик,27.8
275,Варфоломей,Андреев,+7 (983) 468 58-62,Шиномонтажник,16.6
276,Давыд,Фомичев,+7 (930) 362 09-89,Шиномонтажник,16.4
277,Всеслав,Костин,+7 (911) 742 65-09,Кузовщик,21.8
278,Антонин,Зыков,+7 (939) 816 93-45,Автоэлектрик,19.4
279,Василий,Стрелков,+7 (912) 348 93-83,Шиномонтажник,30.7
280,Савватий,Трофимов,+7 (998) 553 42-22,Автослесарь,27.0
281,Спартак,Брагин,+7 (995) 121 19-65,Шиномонтажник,4.0
282,Никандр,Тихонов,+7 (995) 685 53-75,Рихтовщик,21.3
283,Филипп,Комаров,+7 (987) 990 32-65,Рихтовщик,24.8
284,Владилен,Власов,+7 (914) 924 45-83,Рихтовщик,28.1
285,Харитон,Тетерин,+7 (931) 338 44-43,Кузовщик,19.1
286,Ладимир,Ковалев,+7 (933) 439 76-88,Автомаляр,10.2
287,Корнил,Андреев,+7 (911) 815 54-90,Кузовщик,27.8
288,Артем,Данилов,+7 (968) 399 58-96,Автомеханик,20.1
289,Фирс,Фролов,+7 (959) 201 03-62,Автоэлектрик,17.0
290,Ермил,Маслов,+7 (901) 280 30-61,Автомеханик,2.0
291,Доброслав,Фомин,+7 (957) 361 51-27,Кузовщик,16.1
292,Данила,Елисеев,+7 (962) 851 00-40,Рихтовщик,17.1
293,Алексей,Стрелков,+7 (932) 335 69-55,Автомаляр,10.7
294,Влас,Осипов,+7 (980) 997 85-72,Кузовщик,7.8
295,Серафим,Николаев,+7 (944) 542 94-52,Шиномонтажник,9.1
296,Роман,Исаев,+7 (992) 178 43-42,Кузовщик,16.0
297,Евлампий,Денисов,+7 (998) 731 89-98,Рихтовщик,14.4
298,Изяслав,Максимов,+7 (902) 592 56-68,Автомаляр,17.2
299,Светозар,Родионов,+7 (939) 680 90-34,Автоэлектрик,28.0
300,Тимур,Богданов,+7 (962) 605 60-53,Автоэлектрик,25.2
301,Валентин,Корнилов,+7 (987) 319 98-73,Автоэлектрик,1.2
302,Пимен,Хохлов,+7 (959) 274 78-02,Автомаляр,1.8
303,Лаврентий,Осипов,+7 (975) 261 78-12,Шиномонтажник,10.9
304,Леон,Денисов,+7 (955) 753 67-43,Рихтовщик,28.0
305,Мстислав,Туров,+7 (962) 169 34-68,Автомеханик,5.1
306,Всеслав,Муравьев,+7 (923) 810 95-03,Автоэлектрик,31.1
307,Павел,Белоусов,+7 (936) 266 65-20,Шиномонтажник,5.0
308,Мариан,Константинов,+7 (913) 797 38-60,Автомаляр,5.4
309,Влас,Горбунов,+7 (912) 671 42-60,Шиномонтажник,6.5
310,Милан,Мясников,+7 (953) 516 17-84,Автомеханик,7.0
311,Харитон,Носков,+7 (974) 711 84-81,Автослесарь,5.0
312,Галактион,Мамонтов,+7 (957) 840 14-54,Рихтовщик,11.0
313,Онуфрий,Брагин,+7 (925) 891 16-10,Автомеханик,24.4
314,Анисим,Мельников,+7 (941) 293 16-87,Автомаляр,28.3
315,Август,Гусев,+7 (956) 680 68-47,Автоэлектрик,17.2
316,Кондратий,Кулаков,+7 (936) 720 18-31,Автомеханик,19.6
317,Аверьян,Терентьев,+7 (944) 142 06-05,Кузовщик,8.8
318,Велимир,Ларионов,+7 (975) 104 76-68,Автомеханик,14.9
319,Олимпий,Королев,+7 (922) 121 44-52,Автомаляр,25.4
320,Автоном,Быков,+7 (987) 983 64-18,Рихтовщик,31.2
321,Болеслав,Котов,+7 (933) 346 78-75,Автомеханик,19.9
322,Карл,Кузьмин,+7 (942) 601 31-93,Автоэлектрик,25.0
323,Аникей,Морозов,+7 (921) 997 68-31,Кузовщик,13.0
324,Радислав,Ситников,+7 (994) 282 04-28,Автомаляр,21.6
325,Данила,Петухов,+7 (948) 767 04-92,Кузовщик,24.0
326,Аникей,Елисеев,+7 (974) 714 33-14,Кузовщик,7.8
327,Влас,Архипов,+7 (992) 900 40-86,Автомаляр,26.4
328,Сильвестр,Емельянов,+7 (981) 186 39-16,Автомеханик,7.9
329,Авдей,Ильин,+7 (929) 721 91-04,Автомаляр,11.3
330,Лаврентий,Наумов,+7 (936) 149 48-90,Автомаляр,29.5
331,Эмиль,Блинов,+7 (935) 762 49-49,Автомаляр,16.6
332,Антонин,Шубин,+7 (970) 990 71-97,Рихтовщик,10.5
333,Олег,Овчинников,+7 (944) 592 62-04,Автоэлектрик,15.0
334,Лонгин,Мясников,+7 (960) 735 09-01,Автомаляр,22.5
335,Прокофий,Королев,+7 (995) 591 52-23,Шиномонтажник,15.0
336,Борис,Авдеев,+7 (991) 854 55-18,Автоэлектрик,9.3
337,Бронислав,Сорокин,+7 (986) 562 65-18,Автомаляр,23.9
338,Будимир,Андреев,+7 (977) 772 30-64,Автомаляр,2.8
339,Казимир,Капустин,+7 (977) 728 42-16,Автоэлектрик,13.9
340,Ферапонт,Мухин,+7 (909) 138 69-10,Кузовщик,22.5
341,Зиновий,Лебедев,+7 (944) 245 03-83,Кузовщик,28.5
342,Василий,Фокин,+7 (981) 529 55-63,Автомаляр,6.7
343,Филимон,Смирнов,+7 (932) 814 23-68,Шиномонтажник,15.9
344,Лукьян,Субботин,+7 (976) 640 25-61,Автомаляр,21.9
345,Ермолай,Котов,+7 (995) 736 51-46,Автослесарь,18.0
346,Доброслав,Аксенов,+7 (988) 895 43-46,Автомеханик,13.6
347,Никодим,Юдин,+7 (904) 370 26-71,Шиномонтажник,30.7
348,Терентий,Кононов,+7 (992) 771 06-51,Автомеханик,28.0
349,Прокл,Ершов,+7 (925) 260 39-68,Шиномонтажник,32.0
350,Аристарх,Баранов,+7 (949) 246 87-67,Автослесарь,25.0
351,Мечислав,Самойлов,+7 (944) 760 73-55,Шиномонтажник,20.8
352,Парамон,Степанов,+7 (996) 988 04-09,Автомеханик,10.2
353,Виссарион,Мартынов,+7 (963) 861 48-55,Автомеханик,6.3
354,Капитон,Богданов,+7 (914) 367 06-80,Автоэлектрик,18.1
355,Болеслав,Бобров,+7 (981) 144 37-31,Шиномонтажник,13.4
356,Твердислав,Яковлев,+7 (990) 436 37-61,Кузовщик,31.1
357,Аристарх,Чернов,+7 (974) 796 65-51,Автомеханик,6.0
358,Азарий,Ефимов,+7 (940) 152 29-21,Автоэлектрик,31.7
359,Матвей,Мамонтов,+7 (908) 685 51-02,Автомеханик,6.4
360,Осип,Колобов,+7 (943) 428 63-87,Рихтовщик,24.2
361,Владилен,Елисеев,+7 (922) 449 99-64,Шиномонтажник,5.5
362,Максимильян,Некрасов,+7 (985) 339 07-74,Шиномонтажник,2.2
363,Фока,Калинин,+7 (999) 293 41-10,Автослесарь,25.3
364,Александр,Богданов,+7 (906) 263 04-63,Кузовщик,1.4
365,Никон,Зайцев,+7 (925) 126 20-35,Автоэлектрик,27.3
366,Прохор,Кондратьев,+7 (983) 313 28-11,Автомеханик,3.4
367,Юрий,Рябов,+7 (979) 875 54-37,Автомеханик,5.8
368,Ян,Симонов,+7 (971) 513 46-70,Шиномонтажник,30.7
369,Гурий,Зуев,+7 (962) 946 75-22,Рихтовщик,22.3
370,Борислав,Козлов,+7 (931) 156 99-89,Рихтовщик,23.0
371,Амвросий,Калашников,+7 (905) 234 74-12,Рихтовщик,1.3
372,Феофан,Кудрявцев,+7 (932) 369 10-92,Автомеханик,29.0
373,Матвей,Хохлов,+7 (992) 465 58-28,Автослесарь,1.1
374,Терентий,Шарапов,+7 (939) 116 09-27,Автослесарь,11.0
375,Иннокентий,Данилов,+7 (901) 400 68-26,Шиномонтажник,20.1
376,Савелий,Игнатов,+7 (900) 342 14-16,Кузовщик,23.2
377,Милий,Горбунов,+7 (912) 903 32-49,Автомеханик,25.2
378,Никандр,Никонов,+7 (976) 393 93-11,Автомеханик,3.7
379,Павел,Тарасов,+7 (947) 453 44-48,Автомеханик,8.8
380,Тимофей,Борисов,+7 (908) 735 17-55,Автослесарь,24.1
381,Терентий,Архипов,+7 (919) 721 66-86,Автомеханик,2.7
382,Демьян,Лазарев,+7 (908) 625 95-88,Автомеханик,16.0
383,Наркис,Ильин,+7 (979) 436 18-42,Шиномонтажник,28.9
384,Доброслав,Тарасов,+7 (945) 101 06-83,Автомаляр,22.4
385,Василий,Шашков,+7 (946) 406 05-22,Автослесарь,8.2
386,Лука,Михеев,+7 (932) 231 13-01,Автослесарь,31.4
387,Святополк,Лихачев,+7 (964) 629 46-99,Шиномонтажник,20.8
388,Кир,Воронов,+7 (918) 914 82-93,Кузовщик,4.4
389,Леон,Князев,+7 (960) 845 82-54,Автоэлектрик,8.5
390,Евлампий,Казаков,+7 (990) 132 07-18,Автослесарь,29.1
391,Семен,Быков,+7 (979) 519 65-43,Автослесарь,29.6
392,Платон,Корнилов,+7 (906) 842 18-86,Автомеханик,4.9
393,Антип,Сидоров,+7 (915) 560 36-70,Рихтовщик,20.9
394,Харлампий,Фомин,+7 (946) 771 22-78,Автослесарь,17.9
395,Исай,Максимов,+7 (961) 101 03-71,Автомеханик,26.8
396,Вацлав,Тарасов,+7 (967) 471 79-45,Автомеханик,10.8
397,Константин,Моисеев,+7 (973) 945 39-89,Автослесарь,19.5
398,Ростислав,Артемьев,+7 (977) 257 56-46,Рихтовщик,8.2
399,Константин,Блохин,+7 (907) 735 51-60,Автоэлектрик,26.1
400,Лаврентий,Миронов,+7 (985) 990 72-33,Автослесарь,25.0
401,Фотий,Кузнецов,+7 (926) 114 21-80,Кузовщик,1.7
402,Венедикт,Потапов,+7 (919) 439 30-16,Автослесарь,11.8
403,Самуил,Казаков,+7 (970) 409 93-14,Шиномонтажник,24.0
404,Любосмысл,Фомин,+7 (987) 801 61-34,Автоэлектрик,15.1
405,Ефрем,Баранов,+7 (975) 208 02-10,Кузовщик,23.3
406,Макар,Колобов,+7 (933) 834 81-05,Автомеханик,5.0
407,Амвросий,Стрелков,+7 (938) 163 58-94,Рихтовщик,4.0
408,Захар,Смирнов,+7 (985) 134 83-31,Кузовщик,22.3
409,Мир,Белоусов,+7 (952) 712 24-09,Автослесарь,30.9
410,Ян,Шубин,+7 (986) 934 41-28,Кузовщик,6.0
411,Харитон,Шарапов,+7 (938) 647 95-94,Кузовщик,27.6
412,Валерьян,Шилов,+7 (965) 333 52-87,Кузовщик,23.3
413,Савелий,Потапов,+7 (985) 905 36-65,Автослесарь,13.4
414,Вышеслав,Лихачев,+7 (906) 986 69-17,Автослесарь,30.1
415,Амос,Фокин,+7 (922) 110 90-51,Автослесарь,29.7
416,Лаврентий,Юдин,+7 (915) 129 30-62,Автоэлектрик,24.4
417,Святополк,Романов,+7 (934) 217 61-66,Автослесарь,16.9
418,Владислав,Красильников,+7 (993) 279 35-17,Рихтовщик,4.0
419,Аполлинарий,Комиссаров,+7 (929) 821 51-00,Автослесарь,18.2
420,Алексей,Цветков,+7 (944) 270 47-56,Кузовщик,12.8
421,Чеслав,Шашков,+7 (924) 360 20-59,Рихтовщик,19.4
422,Светозар,Белозеров,+7 (982) 236 86-52,Шиномонтажник,30.0
423,Терентий,Ларионов,+7 (991) 417 78-82,Автомеханик,30.1
424,Аверьян,Терентьев,+7 (966) 243 90-75,Автомаляр,7.7
425,Будимир,Зиновьев,+7 (932) 744 56-15,Рихтовщик,14.7
426,Павел,Мамонтов,+7 (922) 662 32-14,Автомеханик,25.4
427,Моисей,Брагин,+7 (933) 284 10-84,Рихтовщик,13.6
428,Иннокентий,Мельников,+7 (917) 600 55-57,Автомеханик,31.4
429,Карл,Юдин,+7 (943) 991 40-47,Автомаляр,17.0
430,Ерофей,Колесников,+7 (914) 349 30-66,Кузовщик,28.3
431,Эммануил,Быков,+7 (961) 704 74-44,Автомаляр,20.0
432,Ипатий,Ковалев,+7 (924) 359 64-06,Автомаляр,14.8
433,Юлиан,Поляков,+7 (900) 165 06-16,Рихтовщик,6.2
434,Боян,Баранов,+7 (960) 705 88-45,Рихтовщик,27.0
435,Азарий,Трофимов,+7 (960) 598 83-53,Автомеханик,4.0
436,Константин,Гордеев,+7 (911) 342 40-09,Автомаляр,12.8
437,Евграф,Суворов,+7 (990) 534 99-63,Автомеханик,11.1
438,Егор,Дементьев,+7 (941) 354 25-76,Рихтовщик,18.2
439,Алексей,Попов,+7 (986) 581 75-62,Автомаляр,6.2
440,Куприян,Щукин,+7 (978) 644 01-56,Автомаляр,25.5
441,Ярослав,Шаров,+7 (915) 544 25-66,Рихтовщик,31.8
442,Тимур,Бирюков,+7 (922) 553 27-66,Автослесарь,7.4
443,Всемил,Кошелев,+7 (945) 768 47-11,Шиномонтажник,28.8
444,Будимир,Громов,+7 (943) 112 91-96,Кузовщик,14.0
445,Федор,Иванов,+7 (953) 101 65-23,Автоэлектрик,13.5
446,Тарас,Некрасов,+7 (908) 649 58-24,Автомеханик,7.6
447,Герасим,Авдеев,+7 (931) 247 83-61,Автомеханик,25.6
448,Эраст,Миронов,+7 (953) 415 63-55,Автомаляр,9.2
449,Мокей,Белозеров,+7 (925) 481 26-06,Шиномонтажник,22.4
450,Амвросий,Агафонов,+7 (991) 475 46-02,Автослесарь,21.1
451,Герасим,Фомичев,+7 (952) 591 60-38,Кузовщик,25.1
452,Эмиль,Самойлов,+7 (945) 568 22-52,Автомеханик,1.6
453,Мариан,Тарасов,+7 (987) 605 92-68,Автоэлектрик,28.8
454,Андроник,Ермаков,+7 (987) 364 58-97,Автослесарь,18.0
455,Иван,Емельянов,+7 (982) 657 26-16,Автослесарь,4.8
456,Касьян,Зуев,+7 (989) 237 96-90,Автоэлектрик,22.0
457,Демьян,Симонов,+7 (974) 515 00-24,Кузовщик,1.4
458,Максим,Кузьмин,+7 (904) 862 08-86,Автоэлектрик,23.3
459,Еремей,Гришин,+7 (981) 268 32-96,Автоэлектрик,9.7
460,Егор,Белозеров,+7 (946) 818 96-20,Автослесарь,25.7
461,Лазарь,Овчинников,+7 (920) 202 16-78,Рихтовщик,10.1
462,Викентий,Яковлев,+7 (957) 442 50-63,Автослесарь,29.4
463,Мир,Евдокимов,+7 (932) 196 90-05,Шиномонтажник,21.3
464,Азарий,Мясников,+7 (949) 763 98-05,Кузовщик,9.7
465,Фортунат,Иванов,+7 (913) 504 86-10,Автомеханик,24.0
466,Ефим,Никонов,+7 (990) 900 89-66,Автомаляр,27.1
467,Марк,Комиссаров,+7 (923) 630 00-44,Автоэлектрик,15.3
468,Гедеон,Федоров,+7 (973) 146 25-15,Автослесарь,30.5
469,Евгений,Федотов,+7 (929) 142 15-17,Шиномонтажник,21.0
470,Аким,Веселов,+7 (964) 593 17-70,Автоэлектрик,17.1
471,Вячеслав,Гусев,+7 (925) 823 71-20,Кузовщик,19.9
472,Демьян,Волков,+7 (949) 432 88-36,Автослесарь,5.9
473,Поликарп,Лихачев,+7 (986) 902 28-63,Рихтовщик,27.0
474,Антип,Журавлев,+7 (965) 227 74-79,Шиномонтажник,28.6
475,Прокл,Бирюков,+7 (961) 117 99-91,Автомаляр,6.9
476,Мокей,Пономарев,+7 (938) 347 34-42,Шиномонтажник,30.6
477,Казимир,Казаков,+7 (949) 456 56-23,Шиномонтажник,2.1
478,Ипатий,Казаков,+7 (927) 357 18-41,Рихтовщик,1.7
479,Борислав,Громов,+7 (974) 383 38-16,Автоэлектрик,22.9
480,Аникей,Николаев,+7 (973) 559 43-62,Автослесарь,3.4
481,Варфоломей,Мартынов,+7 (956) 379 01-39,Автомаляр,19.8
482,Филипп,Дроздов,+7 (935) 272 96-72,Автомаляр,31.6
483,Терентий,Беляев,+7 (977) 560 80-74,Автоэлектрик,8.8
484,Вышеслав,Воробьев,+7 (955) 554 48-52,Кузовщик,25.7
485,Федот,Николаев,+7 (972) 166 93-22,Автоэлектрик,1.7
486,Степан,Александров,+7 (962) 910 83-57,Шиномонтажник,4.2
487,Борис,Пестов,+7 (928) 959 03-25,Автомеханик,9.0
488,Данила,Жданов,+7 (935) 136 66-40,Автоэлектрик,13.7
489,Милан,Силин,+7 (913) 483 11-84,Кузовщик,24.0
490,Фотий,Давыдов,+7 (991) 254 31-59,Автомаляр,1.3
491,Аверкий,Емельянов,+7 (928) 664 30-32,Автомеханик,16.0
492,Эдуард,Морозов,+7 (945) 143 67-44,Шиномонтажник,22.7
493,Сигизмунд,Аксенов,+7 (916) 439 76-82,Рихтовщик,25.3
494,Спартак,Горбачев,+7 (912) 548 55-39,Автоэлектрик,23.3
495,Никандр,Исаев,+7 (971) 795 99-75,Рихтовщик,11.5
496,Галактион,Медведев,+7 (951) 385 00-50,Рихтовщик,24.2
497,Тимур,Кудряшов,+7 (986) 356 18-19,Автомеханик,18.5
498,Радим,Буров,+7 (956) 515 81-22,Кузовщик,8.3
499,Андроник,Кузнецов,+7 (947) 648 82-69,Автомаляр,15.6
500,Парфен,Лаврентьев,+7 (996) 672 98-68,Автоэлектрик,29.6
501,Мефодий,Беляев,+7 (904) 222 38-66,Автоэлектрик,26.5
502,Виктор,Одинцов,+7 (930) 273 44-96,Кузовщик,28.3
503,Фадей,Панов,+7 (939) 973 35-91,Автомаляр,25.0
504,Трифон,Воронцов,+7 (937) 774 73-24,Шиномонтажник,19.5
505,Самсон,Тетерин,+7 (928) 872 77-35,Рихтовщик,18.8
506,Виссарион,Симонов,+7 (922) 146 48-96,Кузовщик,15.7
507,Устин,Антонов,+7 (948) 365 39-87,Автомаляр,21.6
508,Остромир,Терентьев,+7 (944) 843 68-36,Шиномонтажник,17.4
509,Соломон,Коновалов,+7 (955) 588 28-74,Автослесарь,13.2
510,Никанор,Лапин,+7 (930) 718 39-85,Рихтовщик,12.5
511,Дементий,Елисеев,+7 (955) 986 18-50,Автоэлектрик,5.7
512,Самсон,Некрасов,+7 (951) 718 84-20,Автомеханик,2.5
513,Симон,Капустин,+7 (967) 958 90-69,Кузовщик,13.9
514,Нестор,Панов,+7 (966) 842 89-84,Автослесарь,23.4
515,Бронислав,Мельников,+7 (978) 209 60-70,Автомеханик,8.9
516,Аникита,Трофимов,+7 (937) 443 28-53,Автомаляр,24.7
517,Степан,Никитин,+7 (949) 995 01-84,Рихтовщик,25.0
518,Максимильян,Рогов,+7 (982) 460 60-75,Шиномонтажник,11.0
519,Харитон,Сысоев,+7 (968) 248 93-48,Автоэлектрик,2.6
520,Агафон,Горшков,+7 (930) 820 89-99,Автоэлектрик,19.9
521,Ростислав,Третьяков,+7 (948) 255 04-89,Шиномонтажник,3.0
522,Емельян,Иванов,+7 (910) 678 54-13,Автомаляр,12.7
523,Ипат,Суханов,+7 (971) 730 07-58,Автослесарь,30.8
524,Сократ,Блинов,+7 (942) 201 63-85,Автомаляр,12.9
525,Сигизмунд,Захаров,+7 (956) 496 50-98,Рихтовщик,18.0
526,Радим,Дмитриев,+7 (995) 725 47-95,Шиномонтажник,19.7
527,Мстислав,Сорокин,+7 (971) 438 56-80,Автомеханик,5.2
528,Геннадий,Баранов,+7 (921) 885 44-27,Шиномонтажник,22.5
529,Тит,Петров,+7 (947) 673 52-50,Кузовщик,25.1
530,Андрон,Пономарев,+7 (911) 584 21-44,Автоэлектрик,26.6
531,Матвей,Лобанов,+7 (963) 480 07-49,Автомеханик,13.5
532,Будимир,Лобанов,+7 (901) 646 01-19,Рихтовщик,25.0
533,Тихон,Новиков,+7 (961) 648 48-27,Автоэлектрик,27.9
534,Милен,Нестеров,+7 (917) 504 43-63,Шиномонтажник,18.7
535,Никандр,Панов,+7 (982) 894 47-98,Автослесарь,11.6
536,Ростислав,Миронов,+7 (906) 536 93-77,Шиномонтажник,1.2
537,Валентин,Симонов,+7 (923) 887 05-42,Автослесарь,30.1
538,Мефодий,Трофимов,+7 (913) 646 58-61,Автоэлектрик,26.9
539,Константин,Цветков,+7 (947) 692 73-47,Кузовщик,17.1
540,Казимир,Комиссаров,+7 (972) 845 49-21,Автомаляр,12.3
541,Милован,Евсеев,+7 (970) 155 64-57,Автомаляр,28.8
542,Федосий,Прохоров,+7 (976) 910 96-62,Кузовщик,13.4
543,Добромысл,Осипов,+7 (941) 630 18-18,Автомеханик,11.7
544,Ратибор,Соболев,+7 (973) 774 82-39,Рихтовщик,2.5
545,Давыд,Костин,+7 (970) 664 78-56,Автомаляр,16.7
546,Ярополк,Симонов,+7 (986) 604 69-81,Автослесарь,27.2
547,Сергей,Романов,+7 (995) 204 47-65,Кузовщик,3.1
548,Аполлинарий,Копылов,+7 (918) 943 16-21,Автоэлектрик,8.7
549,Савва,Фокин,+7 (923) 752 60-76,Автоэлектрик,1.5
550,Иосиф,Муравьев,+7 (957) 242 73-95,Кузовщик,10.5
551,Ладислав,Одинцов,+7 (977) 851 80-69,Шиномонтажник,4.0
552,Пимен,Суханов,+7 (957) 709 54-68,Шиномонтажник,13.0
553,Панфил,Тетерин,+7 (912) 971 34-11,Автослесарь,18.0
554,Ким,Субботин,+7 (988) 607 20-03,Автомеханик,9.0
555,Иларион,Горшков,+7 (985) 171 96-27,Автомеханик,18.0
556,Поликарп,Фадеев,+7 (916) 738 13-37,Автоэлектрик,11.9
557,Остромир,Филатов,+7 (957) 429 56-34,Автомеханик,11.1
558,Кондратий,Сафонов,+7 (975) 925 04-32,Шиномонтажник,9.5
559,Любосмысл,Сысоев,+7 (983) 446 59-39,Кузовщик,17.0
560,Каллистрат,Дьячков,+7 (961) 332 64-46,Автомеханик,5.3
561,Селиверст,Одинцов,+7 (936) 837 07-32,Рихтовщик,7.1
562,Анатолий,Хохлов,+7 (905) 579 78-69,Автослесарь,10.2
563,Стоян,Гущин,+7 (952) 197 13-75,Автоэлектрик,7.2
564,Исай,Самойлов,+7 (989) 768 16-30,Автослесарь,17.9
565,Мариан,Потапов,+7 (943) 973 08-34,Шиномонтажник,29.0
566,Василий,Медведев,+7 (925) 634 42-69,Автомеханик,12.2
567,Сергей,Третьяков,+7 (999) 286 43-34,Кузовщик,14.3
568,Гаврила,Шилов,+7 (971) 681 71-37,Кузовщик,16.9
569,Эммануил,Лазарев,+7 (950) 900 84-00,Кузовщик,4.2
570,Зосима,Калинин,+7 (964) 415 26-27,Кузовщик,15.1
571,Бронислав,Харитонов,+7 (946) 107 32-36,Автомеханик,11.5
572,Максимильян,Шашков,+7 (972) 301 98-51,Автоэлектрик,32.0
573,Михаил,Комиссаров,+7 (965) 370 54-79,Шиномонтажник,31.1
574,Никандр,Стрелков,+7 (979) 266 09-97,Шиномонтажник,11.7
575,Будимир,Кулаков,+7 (910) 131 88-78,Рихтовщик,7.4
576,Савва,Потапов,+7 (993) 992 56-56,Рихтовщик,11.5
577,Валентин,Сафонов,+7 (960) 455 59-16,Рихтовщик,19.0
578,Натан,Лебедев,+7 (923) 773 94-37,Кузовщик,19.1
579,Ираклий,Суворов,+7 (917) 525 17-42,Рихтовщик,25.5
580,Демид,Сысоев,+7 (936) 570 46-78,Шиномонтажник,8.6
581,Григорий,Молчанов,+7 (987) 150 70-79,Шиномонтажник,18.3
582,Климент,Чернов,+7 (991) 166 55-55,Рихтовщик,20.4
583,Емельян,Алексеев,+7 (908) 842 73-24,Автомаляр,29.7
584,Емельян,Колобов,+7 (901) 299 74-37,Автоэлектрик,20.5
585,Корнил,Коновалов,+7 (911) 987 82-66,Автомеханик,16.3
586,Михей,Голубев,+7 (991) 147 39-18,Рихтовщик,31.4
587,Натан,Моисеев,+7 (947) 745 52-38,Кузовщик,25.9
588,Эдуард,Суханов,+7 (911) 263 91-14,Автослесарь,15.7
589,Леонид,Бобылев,+7 (926) 143 66-15,Кузовщик,27.1
590,Наркис,Поляков,+7 (911) 518 09-08,Кузовщик,10.2
591,Феоктист,Осипов,+7 (909) 470 29-20,Рихтовщик,20.1
592,Ян,Чернов,+7 (927) 169 95-02,Кузовщик,13.3
593,Владимир,Агафонов,+7 (999) 957 74-47,Шиномонтажник,14.9
594,Евграф,Ширяев,+7 (962) 306 66-18,Кузовщик,10.4
595,Игорь,Поляков,+7 (961) 437 56-34,Шиномонтажник,19.3
596,Олимпий,Горбунов,+7 (956) 783 01-95,Шиномонтажник,19.0
597,Анатолий,Соболев,+7 (986) 110 96-73,Автомеханик,5.0
598,Фортунат,Исаков,+7 (922) 876 54-42,Кузовщик,2.0
599,Зиновий,Фомин,+7 (932) 625 51-52,Шиномонтажник,10.2
600,Онуфрий,Сергеев,+7 (993) 342 98-55,Шиномонтажник,2.2
601,Семен,Михеев,+7 (965) 725 53-89,Кузовщик,9.2
602,Никодим,Горбачев,+7 (913) 753 74-56,Автомеханик,3.6
603,Наум,Николаев,+7 (934) 403 39-80,Автоэлектрик,10.1
604,Милан,Шубин,+7 (919) 130 29-16,Автомаляр,9.0
605,Чеслав,Бобров,+7 (921) 233 92-79,Автослесарь,28.4
606,Лавр,Беляков,+7 (957) 548 71-39,Шиномонтажник,17.5
607,Демьян,Марков,+7 (941) 412 63-26,Автомеханик,19.3
608,Емельян,Елисеев,+7 (963) 548 23-83,Шиномонтажник,9.0
609,Никандр,Филатов,+7 (973) 703 25-26,Шиномонтажник,10.6
610,Гурий,Тимофеев,+7 (973) 588 40-05,Рихтовщик,31.0
611,Владилен,Горшков,+7 (927) 899 06-52,Кузовщик,17.7
612,Евлампий,Павлов,+7 (997) 623 75-36,Кузовщик,21.9
613,Клавдий,Ширяев,+7 (948) 479 57-11,Кузовщик,22.1
614,Федот,Воробьев,+7 (901) 976 72-30,Автоэлектрик,25.4
615,Аким,Данилов,+7 (911) 960 71-06,Шиномонтажник,23.7
616,Парамон,Архипов,+7 (944) 381 28-89,Автослесарь,20.6
617,Тимофей,Гурьев,+7 (901) 839 72-88,Автомеханик,27.0
618,Марк,Третьяков,+7 (934) 351 48-73,Шиномонтажник,15.0
619,Силантий,Коновалов,+7 (999) 185 40-90,Кузовщик,21.8
620,Натан,Архипов,+7 (952) 699 85-10,Автомеханик,23.6
621,Евсей,Дьячков,+7 (941) 794 32-88,Кузовщик,31.0
622,Измаил,Дьячков,+7 (986) 924 59-17,Автоэлектрик,13.8
623,Спартак,Кошелев,+7 (928) 141 37-05,Автослесарь,2.2
624,Ратибор,Мельников,+7 (960) 853 13-26,Кузовщик,3.2
625,Ипполит,Капустин,+7 (992) 818 34-47,Автомаляр,24.6
626,Юлий,Титов,+7 (967) 394 49-20,Автослесарь,16.2
627,Фотий,Анисимов,+7 (972) 239 99-93,Автослесарь,18.0
628,Михей,Петров,+7 (987) 787 11-18,Автослесарь,9.0
629,Христофор,Горшков,+7 (911) 298 22-45,Рихтовщик,15.7
630,Аникей,Костин,+7 (941) 650 97-27,Шиномонтажник,24.6
631,Мариан,Зайцев,+7 (915) 360 39-02,Автослесарь,3.3
632,Эммануил,Морозов,+7 (980) 228 15-67,Рихтовщик,22.9
633,Сидор,Самсонов,+7 (977) 941 83-84,Автомеханик,19.9
634,Иларион,Ковалев,+7 (996) 454 52-14,Автоэлектрик,18.6
635,Ферапонт,Никонов,+7 (963) 746 93-01,Автослесарь,16.1
636,Иосиф,Субботин,+7 (971) 930 22-27,Автомеханик,30.3
637,Эрнст,Исаков,+7 (902) 155 64-24,Шиномонтажник,5.1
638,Вениамин,Гусев,+7 (944) 741 25-37,Шиномонтажник,29.9
639,Платон,Бобров,+7 (927) 296 83-33,Автоэлектрик,9.3
640,Никодим,Воронцов,+7 (987) 393 90-63,Автомаляр,8.0
641,Натан,Соболев,+7 (925) 634 42-91,Автомеханик,12.0
642,Мирослав,Антонов,+7 (943) 905 75-21,Шиномонтажник,17.1
643,Клавдий,Горшков,+7 (915) 172 54-19,Кузовщик,27.1
644,Софрон,Блинов,+7 (966) 221 11-37,Кузовщик,5.0
645,Харитон,Овчинников,+7 (963) 763 84-18,Шиномонтажник,8.2
646,Остап,Тарасов,+7 (917) 663 71-57,Рихтовщик,8.5
647,Спиридон,Терентьев,+7 (924) 971 99-36,Рихтовщик,9.8
648,Капитон,Котов,+7 (986) 305 34-84,Автомеханик,13.3
649,Тихон,Мухин,+7 (944) 108 73-47,Автослесарь,12.6
650,Аполлон,Крюков,+7 (965) 426 03-49,Автомеханик,22.6
651,Михаил,Фролов,+7 (995) 580 02-65,Автослесарь,4.5
652,Павел,Журавлев,+7 (932) 934 89-15,Автоэлектрик,29.0
653,Тимур,Назаров,+7 (964) 895 51-30,Автомеханик,26.6
654,Силантий,Петров,+7 (966) 278 22-08,Автоэлектрик,2.7
655,Казимир,Цветков,+7 (937) 874 63-60,Кузовщик,11.7
656,Лавр,Жуков,+7 (947) 424 38-37,Рихтовщик,7.6
657,Карл,Харитонов,+7 (947) 707 69-43,Автомеханик,14.3
658,Аверкий,Родионов,+7 (959) 250 60-02,Автослесарь,18.3
659,Галактион,Вишняков,+7 (955) 572 05-24,Рихтовщик,21.7
660,Федот,Давыдов,+7 (982) 413 80-77,Рихтовщик,16.9
661,Вацлав,Кононов,+7 (913) 728 94-97,Автомеханик,9.3
662,Агап,Фокин,+7 (925) 366 44-36,Шиномонтажник,5.4
663,Зиновий,Фомин,+7 (901) 801 22-20,Автомеханик,4.7
664,Егор,Меркушев,+7 (918) 289 45-32,Автоэлектрик,24.1
665,Ефим,Белоусов,+7 (940) 523 08-53,Автоэлектрик,8.1
666,Авксентий,Ершов,+7 (959) 581 50-40,Кузовщик,16.5
667,Амос,Мартынов,+7 (916) 892 58-00,Рихтовщик,30.4
668,Эммануил,Егоров,+7 (953) 674 20-95,Кузовщик,1.4
669,Лазарь,Тихонов,+7 (905) 961 66-30,Автослесарь,2.1
670,Силантий,Меркушев,+7 (982) 863 57-32,Автоэлектрик,28.1
671,Селиван,Королев,+7 (923) 572 92-99,Автомаляр,30.3
672,Сократ,Яковлев,+7 (994) 846 05-56,Автослесарь,4.0
673,Христофор,Прохоров,+7 (929) 595 34-59,Автомеханик,22.1
674,Авксентий,Самойлов,+7 (993) 597 72-55,Автослесарь,20.2
675,Игнатий,Беляев,+7 (918) 912 73-93,Автомеханик,8.2
676,Сильвестр,Авдеев,+7 (980) 446 07-19,Шиномонтажник,17.8
677,Геннадий,Гаврилов,+7 (991) 495 19-41,Рихтовщик,16.8
678,Пимен,Абрамов,+7 (942) 434 83-43,Автоэлектрик,22.8
679,Мариан,Михайлов,+7 (981) 633 55-75,Шиномонтажник,22.7
680,Всеволод,Воробьев,+7 (928) 885 23-62,Шиномонтажник,25.3
681,Лаврентий,Лыткин,+7 (975) 675 55-12,Автослесарь,25.1
682,Андроник,Мясников,+7 (964) 167 18-84,Автослесарь,9.1
683,Устин,Зимин,+7 (962) 129 46-41,Автоэлектрик,30.2
684,Кирилл,Владимиров,+7 (967) 896 16-53,Шиномонтажник,14.7
685,Тарас,Лукин,+7 (987) 150 98-74,Автослесарь,21.9
686,Тит,Елисеев,+7 (928) 176 80-69,Автомаляр,12.6
687,Софон,Щукин,+7 (962) 519 86-42,Автомаляр,14.4
688,Велимир,Семенов,+7 (953) 403 84-17,Автослесарь,10.0
689,Иларион,Орехов,+7 (972) 109 28-94,Рихтовщик,24.1
690,Варфоломей,Щербаков,+7 (962) 904 83-65,Автомаляр,26.2
691,Денис,Крюков,+7 (935) 937 12-45,Автоэлектрик,27.8
692,Карл,Жуков,+7 (930) 846 27-66,Автомаляр,4.4
693,Ульян,Волков,+7 (924) 158 24-85,Автоэлектрик,18.5
694,Боян,Сорокин,+7 (987) 671 49-01,Шиномонтажник,16.5
695,Владилен,Исаков,+7 (925) 891 07-01,Автомеханик,10.0
696,Творимир,Кондратьев,+7 (971) 843 29-82,Кузовщик,12.1
697,Вадим,Соболев,+7 (973) 533 60-47,Автомеханик,23.9
698,Валерьян,Дьячков,+7 (941) 303 17-68,Шиномонтажник,16.0
699,Вениамин,Тихонов,+7 (918) 794 80-42,Шиномонтажник,28.7
700,Азарий,Поляков,+7 (941) 377 24-22,Рихтовщик,8.1
701,Лука,Гордеев,+7 (970) 504 43-90,Рихтовщик,5.0
702,Филарет,Юдин,+7 (947) 760 12-03,Автоэлектрик,12.4
703,Мечислав,Шашков,+7 (937) 481 08-24,Автомаляр,8.6
704,Мир,Дмитриев,+7 (908) 411 63-28,Автоэлектрик,22.8
705,Иннокентий,Смирнов,+7 (900) 774 27-64,Рихтовщик,15.6
706,Спартак,Никонов,+7 (978) 699 78-72,Автомеханик,26.0
707,Герасим,Сысоев,+7 (951) 200 70-90,Автоэлектрик,25.0
708,Аркадий,Пестов,+7 (934) 609 58-19,Автомаляр,29.7
709,Агап,Коновалов,+7 (923) 387 91-96,Автоэлектрик,16.4
710,Мир,Соболев,+7 (998) 537 03-01,Автомаляр,10.3
711,Игорь,Сидоров,+7 (923) 315 30-32,Шиномонтажник,12.3
712,Федосий,Горшков,+7 (922) 166 32-54,Шиномонтажник,26.0
713,Юрий,Ковалев,+7 (993) 669 31-78,Автомеханик,28.2
714,Фирс,Чернов,+7 (940) 504 71-73,Автомеханик,6.4
715,Феликс,Зайцев,+7 (920) 882 37-84,Автомаляр,28.8
716,Афанасий,Колесников,+7 (986) 624 62-11,Шиномонтажник,3.2
717,Игорь,Макаров,+7 (917) 710 52-72,Шиномонтажник,30.0
718,Макар,Кузнецов,+7 (923) 479 91-45,Автомеханик,25.4
719,Антонин,Волков,+7 (916) 888 94-12,Рихтовщик,8.1
720,Дементий,Воронов,+7 (955) 532 98-09,Шиномонтажник,24.1
721,Севастьян,Фролов,+7 (932) 655 56-62,Автослесарь,17.6
722,Рубен,Потапов,+7 (995) 436 43-99,Автомаляр,3.0
723,Карп,Носов,+7 (934) 922 98-97,Кузовщик,14.6
724,Яков,Овчинников,+7 (977) 657 41-66,Автослесарь,10.0
725,Леонид,Суворов,+7 (933) 294 28-35,Автомеханик,7.3
726,Филарет,Журавлев,+7 (974) 126 22-86,Автомеханик,8.9
727,Агап,Ситников,+7 (976) 837 37-31,Кузовщик,20.3
728,Харитон,Зимин,+7 (992) 627 48-35,Автоэлектрик,23.6
729,Авдей,Белозеров,+7 (958) 285 39-23,Автомеханик,13.6
730,Афанасий,Кузьмин,+7 (963) 510 89-63,Рихтовщик,28.0
731,Матвей,Стрелков,+7 (976) 621 40-36,Автомаляр,14.6
732,Фирс,Степанов,+7 (946) 927 21-47,Автоэлектрик,11.5
733,Денис,Одинцов,+7 (976) 813 07-13,Автомаляр,2.8
734,Андрей,Гущин,+7 (995) 650 01-28,Автоэлектрик,9.2
735,Силантий,Анисимов,+7 (900) 629 54-79,Автомаляр,29.6
736,Денис,Гуляев,+7 (906) 709 50-33,Автослесарь,22.0
737,Дорофей,Чернов,+7 (973) 547 89-84,Кузовщик,16.5
738,Селиверст,Рожков,+7 (980) 503 94-24,Автослесарь,10.0
739,Степан,Савельев,+7 (922) 810 95-60,Автоэлектрик,6.6
740,Пров,Сафонов,+7 (915) 137 63-47,Рихтовщик,3.5
741,Ратмир,Орехов,+7 (963) 134 46-51,Автомеханик,29.9
742,Демьян,Шубин,+7 (983) 966 41-43,Рихтовщик,3.1
743,Савватий,Шашков,+7 (947) 478 85-51,Автомаляр,9.0
744,Сидор,Антонов,+7 (967) 480 85-70,Автоэлектрик,24.0
745,Селиван,Быков,+7 (968) 922 59-25,Автослесарь,22.3
746,Митофан,Лебедев,+7 (965) 176 46-05,Автоэлектрик,27.3
747,Ян,Зайцев,+7 (969) 952 02-62,Автомаляр,22.2
748,Авксентий,Гурьев,+7 (993) 830 10-38,Автомаляр,23.9
749,Митофан,Михеев,+7 (989) 563 16-16,Автоэлектрик,25.4
750,Евграф,Яковлев,+7 (976) 753 61-19,Рихтовщик,12.4
751,Рюрик,Кондратьев,+7 (961) 472 29-91,Шиномонтажник,22.3
752,Андроник,Шилов,+7 (910) 278 62-98,Шиномонтажник,4.8
753,Милен,Антонов,+7 (903) 886 92-69,Кузовщик,15.1
754,Кузьма,Муравьев,+7 (985) 183 56-88,Кузовщик,2.0
755,Евлампий,Шашков,+7 (965) 244 77-83,Автомаляр,31.6
756,Максимильян,Комаров,+7 (956) 328 28-80,Автослесарь,13.0
757,Клавдий,Соболев,+7 (951) 218 31-33,Шиномонтажник,17.2
758,Фадей,Блинов,+7 (973) 888 55-00,Кузовщик,20.6
759,Юлий,Суханов,+7 (961) 719 42-98,Автомаляр,6.1
760,Венедикт,Андреев,+7 (983) 859 96-33,Автомаляр,18.6
761,Нифонт,Лобанов,+7 (913) 307 51-36,Автомеханик,6.4
762,Севастьян,Наумов,+7 (984) 228 07-62,Автоэлектрик,29.7
763,Станимир,Веселов,+7 (986) 747 31-57,Шиномонтажник,29.4
764,Олег,Савин,+7 (931) 126 58-31,Кузовщик,5.5
765,Спартак,Панфилов,+7 (981) 184 46-92,Кузовщик,9.3
766,Андрей,Носков,+7 (908) 700 99-07,Автослесарь,29.8
767,Тарас,Мухин,+7 (962) 664 70-62,Автослесарь,4.8
768,Тихон,Логинов,+7 (923) 557 48-22,Автомеханик,21.2
769,Ираклий,Калашников,+7 (925) 501 24-55,Автомаляр,22.0
770,Любим,Гришин,+7 (953) 959 52-09,Автоэлектрик,25.0
771,Агафон,Копылов,+7 (966) 829 04-65,Автомаляр,3.5
772,Болеслав,Михеев,+7 (994) 356 16-24,Автомеханик,4.4
773,Гордей,Шаров,+7 (982) 177 68-35,Кузовщик,5.6
774,Поликарп,Лукин,+7 (957) 131 39-40,Автослесарь,27.0
775,Пахом,Григорьев,+7 (997) 491 84-40,Шиномонтажник,14.7
776,Евлампий,Филиппов,+7 (958) 233 99-52,Кузовщик,30.6
777,Радим,Самсонов,+7 (916) 469 51-19,Рихтовщик,9.4
778,Клавдий,Маслов,+7 (957) 442 99-97,Шиномонтажник,18.8
779,Ферапонт,Блохин,+7 (961) 529 21-23,Рихтовщик,6.0
780,Юрий,Сергеев,+7 (951) 931 36-53,Автоэлектрик,7.9
781,Ираклий,Красильников,+7 (983) 213 88-74,Рихтовщик,11.5
782,Вышеслав,Голубев,+7 (943) 495 41-54,Автоэлектрик,1.0
783,Рубен,Дорофеев,+7 (994) 512 90-73,Автоэлектрик,29.0
784,Соломон,Носков,+7 (987) 752 27-77,Шиномонтажник,25.0
785,Порфирий,Фролов,+7 (931) 250 93-63,Автослесарь,29.3
786,Фирс,Гаврилов,+7 (983) 381 95-16,Кузовщик,10.4
787,Гостомысл,Евдокимов,+7 (932) 351 51-01,Автомеханик,4.0
788,Аникей,Котов,+7 (916) 402 70-66,Автоэлектрик,17.1
789,Милий,Третьяков,+7 (958) 463 22-59,Автоэлектрик,20.7
790,Мефодий,Петров,+7 (988) 860 19-89,Автомаляр,5.4
791,Панкрат,Кузнецов,+7 (987) 617 14-99,Автослесарь,21.2
792,Панкратий,Ситников,+7 (991) 623 34-01,Автослесарь,15.3
793,Спартак,Горшков,+7 (902) 652 16-24,Автомаляр,19.6
794,Януарий,Пестов,+7 (967) 235 24-45,Автомеханик,8.4
795,Аникей,Карпов,+7 (947) 544 37-57,Автомеханик,14.2
796,Милан,Осипов,+7 (980) 871 51-44,Шиномонтажник,12.7
797,Добромысл,Казаков,+7 (969) 203 13-83,Автомаляр,23.1
798,Мартын,Захаров,+7 (914) 909 15-25,Автоэлектрик,21.5
799,Ираклий,Кошелев,+7 (919) 337 10-63,Кузовщик,31.5
800,Ян,Киселев,+7 (947) 594 71-93,Шиномонтажник,21.1
801,Никодим,Павлов,+7 (953) 796 11-67,Шиномонтажник,15.9
802,Дорофей,Михайлов,+7 (915) 245 79-42,Автомеханик,16.8
803,Андрей,Молчанов,+7 (946) 957 99-66,Автомаляр,1.4
804,Кондрат,Галкин,+7 (911) 759 44-28,Автомаляр,12.0
805,Ярополк,Лаврентьев,+7 (915) 452 40-03,Кузовщик,19.0
806,Остап,Попов,+7 (949) 538 33-20,Кузовщик,28.1
807,Артем,Бирюков,+7 (976) 290 67-78,Автомеханик,28.2
808,Андрон,Баранов,+7 (961) 217 11-25,Автомаляр,25.6
809,Артем,Гаврилов,+7 (954) 307 81-73,Автомеханик,17.9
810,Клавдий,Русаков,+7 (944) 394 19-28,Автоэлектрик,8.0
811,Тимур,Гуляев,+7 (934) 794 69-68,Рихтовщик,4.9
812,Артемий,Бобров,+7 (916) 793 94-69,Кузовщик,20.1
813,Автоном,Морозов,+7 (927) 549 43-20,Автомаляр,26.3
814,Никандр,Медведев,+7 (960) 422 25-04,Кузовщик,6.3
815,Евгений,Воронов,+7 (920) 876 66-61,Шиномонтажник,6.6
816,Милан,Ефремов,+7 (999) 778 15-15,Рихтовщик,7.0
817,Боян,Гуляев,+7 (923) 259 11-91,Автослесарь,26.0
818,Самуил,Евдокимов,+7 (917) 810 71-96,Автомаляр,16.0
819,Евлампий,Щукин,+7 (990) 460 63-29,Кузовщик,6.9
820,Гостомысл,Назаров,+7 (972) 135 86-14,Шиномонтажник,1.7
821,Евграф,Фомичев,+7 (977) 308 28-39,Рихтовщик,18.3
822,Потап,Григорьев,+7 (982) 352 72-22,Автомеханик,12.6
823,Филимон,Константинов,+7 (987) 617 01-31,Автомеханик,9.8
824,Амос,Исаков,+7 (962) 504 25-77,Автомаляр,7.0
825,Валентин,Коновалов,+7 (915) 327 72-94,Автомеханик,6.8
826,Арсений,Наумов,+7 (927) 388 12-10,Автомеханик,12.0
827,Владислав,Фадеев,+7 (967) 750 86-96,Автоэлектрик,6.0
828,Владимир,Лебедев,+7 (943) 942 95-76,Рихтовщик,10.0
829,Мариан,Артемьев,+7 (919) 218 52-28,Автоэлектрик,23.5
830,Ратмир,Кузнецов,+7 (927) 130 25-01,Шиномонтажник,6.8
831,Мартын,Антонов,+7 (975) 765 78-67,Рихтовщик,29.6
832,Трифон,Овчинников,+7 (919) 901 74-72,Кузовщик,8.8
833,Виктор,Игнатов,+7 (957) 588 88-57,Шиномонтажник,1.4
834,Кондратий,Никонов,+7 (940) 323 04-26,Рихтовщик,5.9
835,Мстислав,Денисов,+7 (904) 767 56-95,Рихтовщик,22.3
836,Кузьма,Соловьев,+7 (937) 849 02-22,Шиномонтажник,2.0
837,Валентин,Матвеев,+7 (951) 275 86-23,Рихтовщик,17.6
838,Азарий,Соловьев,+7 (958) 274 43-34,Автомеханик,5.1
839,Ираклий,Кудряшов,+7 (926) 154 22-98,Автомеханик,17.6
840,Валерьян,Исаев,+7 (970) 211 49-64,Автомеханик,5.8
841,Софон,Мартынов,+7 (942) 967 34-33,Рихтовщик,23.1
842,Валентин,Королев,+7 (955) 951 90-74,Кузовщик,14.7
843,Юрий,Ефремов,+7 (917) 396 52-99,Автомаляр,31.7
844,Будимир,Большаков,+7 (970) 406 83-76,Автомаляр,19.4
845,Илья,Котов,+7 (998) 475 52-32,Автослесарь,26.1
846,Станимир,Муравьев,+7 (902) 792 41-68,Шиномонтажник,2.4
847,Вениамин,Шарапов,+7 (966) 129 17-16,Автослесарь,27.6
848,Герасим,Евсеев,+7 (934) 639 98-47,Шиномонтажник,10.0
849,Каллистрат,Егоров,+7 (903) 441 21-79,Автоэлектрик,11.4
850,Корнил,Ширяев,+7 (918) 191 24-93,Автомаляр,12.3
851,Федосий,Воронов,+7 (928) 182 10-86,Автослесарь,19.8
852,Агап,Шестаков,+7 (904) 185 34-16,Шиномонтажник,25.4
853,Архип,Миронов,+7 (968) 692 14-41,Автомеханик,30.2
854,Савватий,Дьячков,+7 (999) 597 47-23,Автоэлектрик,31.9
855,Всеволод,Крюков,+7 (946) 208 39-24,Автомеханик,25.5
856,Демьян,Колесников,+7 (944) 405 53-31,Автомеханик,27.2
857,Кондрат,Исаев,+7 (948) 197 43-72,Автоэлектрик,28.3
858,Евстафий,Кошелев,+7 (931) 174 01-27,Автомаляр,24.3
859,Юлиан,Юдин,+7 (982) 716 15-42,Автоэлектрик,26.5
860,Епифан,Антонов,+7 (982) 956 77-66,Шиномонтажник,11.8
861,Андрон,Ефимов,+7 (988) 883 98-72,Автомеханик,11.9
862,Лаврентий,Савин,+7 (906) 202 86-24,Автомеханик,18.5
863,Артем,Буров,+7 (917) 783 26-24,Автослесарь,4.4
864,Творимир,Мясников,+7 (938) 333 64-83,Кузовщик,4.0
865,Федот,Игнатов,+7 (907) 230 32-97,Автослесарь,31.6
866,Фока,Хохлов,+7 (972) 563 49-88,Шиномонтажник,2.2
867,Архип,Стрелков,+7 (950) 855 14-73,Автомаляр,5.2
868,Игнатий,Петров,+7 (987) 494 41-12,Кузовщик,12.8
869,Зосима,Калашников,+7 (926) 823 24-05,Автоэлектрик,28.8
870,Стоян,Корнилов,+7 (956) 652 27-24,Автоэлектрик,5.6
871,Мефодий,Колобов,+7 (914) 334 61-70,Автослесарь,26.5
872,Владимир,Симонов,+7 (949) 369 44-79,Автомеханик,2.0
873,Богдан,Мамонтов,+7 (965) 816 77-38,Автомеханик,3.0
874,Август,Егоров,+7 (953) 419 52-35,Шиномонтажник,31.7
875,Галактион,Овчинников,+7 (968) 232 80-73,Автомеханик,24.8
876,Родион,Кабанов,+7 (964) 997 90-83,Кузовщик,9.8
877,Любомир,Богданов,+7 (976) 748 02-86,Автомаляр,3.0
878,Мирон,Кондратьев,+7 (979) 689 59-53,Автоэлектрик,4.4
879,Лев,Тарасов,+7 (975) 578 28-80,Автослесарь,14.1
880,Всеволод,Русаков,+7 (987) 326 34-61,Автомеханик,22.5
881,Эрнест,Морозов,+7 (907) 988 28-82,Рихтовщик,20.8
882,Леонтий,Федотов,+7 (965) 172 14-16,Автослесарь,9.8
883,Самуил,Галкин,+7 (970) 847 18-80,Кузовщик,20.3
884,Август,Нестеров,+7 (977) 812 76-47,Шиномонтажник,2.8
885,Марк,Блохин,+7 (931) 820 95-89,Кузовщик,3.1
886,Назар,Носов,+7 (994) 887 74-51,Автослесарь,5.9
887,Данила,Егоров,+7 (963) 619 63-19,Шиномонтажник,16.7
888,Всеволод,Кулаков,+7 (923) 407 08-03,Кузовщик,26.8
889,Лучезар,Зимин,+7 (902) 268 87-40,Автоэлектрик,26.7
890,Флорентин,Абрамов,+7 (947) 418 28-80,Автоэлектрик,2.0
891,Анатолий,Абрамов,+7 (989) 536 20-87,Автоэлектрик,9.9
892,Порфирий,Мишин,+7 (911) 146 16-29,Шиномонтажник,12.2
893,Милен,Горбунов,+7 (968) 491 51-17,Рихтовщик,17.9
894,Давыд,Рогов,+7 (937) 550 46-40,Автомаляр,11.0
895,Поликарп,Сорокин,+7 (973) 956 12-96,Кузовщик,4.6
896,Спиридон,Никифоров,+7 (959) 337 34-98,Кузовщик,16.0
897,Феофан,Зиновьев,+7 (920) 896 86-17,Автомеханик,6.7
898,Сократ,Бирюков,+7 (988) 273 67-10,Кузовщик,10.7
899,Всеволод,Логинов,+7 (980) 512 36-41,Автоэлектрик,23.9
900,Ратибор,Селезнев,+7 (957) 258 42-64,Кузовщик,25.0
901,Лев,Фомин,+7 (959) 130 11-74,Автомаляр,6.9
902,Арсений,Фадеев,+7 (977) 427 59-01,Автомаляр,30.6
903,Ермолай,Пономарев,+7 (998) 204 00-31,Автоэлектрик,9.6
904,Ерофей,Алексеев,+7 (906) 614 81-03,Рихтовщик,27.4
905,Кондратий,Лапин,+7 (933) 812 03-57,Рихтовщик,6.0
906,Прохор,Коновалов,+7 (909) 853 58-32,Автоэлектрик,28.6
907,Филарет,Шарапов,+7 (977) 974 89-00,Автомеханик,14.1
908,Борис,Воронцов,+7 (953) 433 27-97,Автомаляр,13.0
909,Сигизмунд,Горбачев,+7 (993) 813 71-61,Автомеханик,7.0
910,Эмиль,Жуков,+7 (953) 539 95-97,Автослесарь,24.5
911,Касьян,Карпов,+7 (929) 226 77-61,Автомеханик,6.3
912,Лучезар,Рогов,+7 (922) 343 70-34,Рихтовщик,31.2
913,Мефодий,Кудряшов,+7 (977) 266 60-75,Шиномонтажник,27.3
914,Добромысл,Попов,+7 (973) 423 92-51,Автомаляр,21.3
915,Радован,Трофимов,+7 (944) 459 87-92,Автослесарь,28.7
916,Федот,Вишняков,+7 (948) 515 99-04,Автомеханик,24.9
917,Глеб,Наумов,+7 (987) 577 85-88,Автомаляр,6.4
918,Святополк,Владимиров,+7 (950) 275 88-65,Шиномонтажник,18.0
919,Кирилл,Голубев,+7 (929) 843 10-21,Кузовщик,9.4
920,Якуб,Журавлев,+7 (985) 654 95-55,Автомеханик,16.5
921,Фотий,Галкин,+7 (913) 891 67-94,Автоэлектрик,3.7
922,Адам,Николаев,+7 (985) 800 34-80,Рихтовщик,13.2
923,Евгений,Агафонов,+7 (991) 814 54-44,Автомаляр,10.9
924,Леонтий,Самойлов,+7 (985) 278 00-83,Рихтовщик,5.3
925,Софрон,Лаврентьев,+7 (972) 393 45-67,Автоэлектрик,2.6
926,Яков,Назаров,+7 (905) 447 60-74,Рихтовщик,26.5
927,Наркис,Ильин,+7 (936) 522 94-30,Автомаляр,26.1
928,Юлиан,Гаврилов,+7 (926) 278 79-17,Автомаляр,9.2
929,Никон,Моисеев,+7 (942) 141 01-72,Автоэлектрик,9.0
930,Терентий,Белоусов,+7 (937) 924 16-73,Автомаляр,31.2
931,Ерофей,Фомин,+7 (974) 934 46-27,Рихтовщик,26.2
932,Изот,Елисеев,+7 (956) 578 27-55,Кузовщик,4.9
933,Прокл,Беляков,+7 (982) 772 54-66,Шиномонтажник,21.2
934,Радим,Осипов,+7 (926) 460 24-06,Автомеханик,6.3
935,Аристарх,Агафонов,+7 (990) 136 01-00,Автомеханик,4.5
936,Константин,Федосеев,+7 (904) 418 47-25,Шиномонтажник,6.4
937,Орест,Иванов,+7 (932) 803 04-22,Автомаляр,5.0
938,Авксентий,Ершов,+7 (923) 939 73-34,Кузовщик,10.7
939,Пимен,Щербаков,+7 (937) 168 62-42,Автослесарь,6.4
940,Мартын,Марков,+7 (928) 110 46-24,Автомаляр,18.9
941,Станислав,Журавлев,+7 (943) 502 14-03,Автомаляр,23.4
942,Иосиф,Дорофеев,+7 (948) 591 21-09,Автомеханик,27.2
943,Иосиф,Самойлов,+7 (977) 329 08-85,Автослесарь,31.5
944,Олег,Тарасов,+7 (955) 703 66-12,Автомаляр,19.8
945,Всеслав,Большаков,+7 (970) 113 35-61,Кузовщик,5.2
946,Сильвестр,Ситников,+7 (937) 811 06-76,Автомаляр,17.5
947,Семен,Гущин,+7 (911) 697 86-06,Автослесарь,26.9
948,Руслан,Романов,+7 (984) 379 09-17,Автослесарь,2.7
949,Николай,Борисов,+7 (944) 853 13-60,Автослесарь,7.3
950,Михаил,Журавлев,+7 (911) 504 56-49,Кузовщик,20.7
951,Ладислав,Наумов,+7 (926) 347 71-62,Автомаляр,25.7
952,Ермил,Елисеев,+7 (977) 448 91-38,Автомеханик,21.4
953,Андрей,Богданов,+7 (947) 588 17-65,Кузовщик,24.2
954,Амвросий,Дмитриев,+7 (942) 484 43-00,Автоэлектрик,17.9
955,Никон,Гуляев,+7 (975) 406 72-47,Автомаляр,5.6
956,Любосмысл,Голубев,+7 (992) 651 84-68,Автомаляр,5.4
957,Лукьян,Цветков,+7 (958) 814 67-80,Автослесарь,10.0
958,Ефрем,Богданов,+7 (958) 915 11-46,Автомаляр,12.4
959,Эрнст,Киселев,+7 (963) 839 01-64,Автоэлектрик,17.3
960,Семен,Горбунов,+7 (984) 541 59-89,Автомеханик,2.0
961,Евстигней,Воробьев,+7 (930) 624 31-84,Рихтовщик,11.0
962,Иосиф,Авдеев,+7 (999) 221 58-53,Шиномонтажник,22.5
963,Климент,Устинов,+7 (906) 161 80-67,Автомаляр,6.3
964,Амос,Вишняков,+7 (939) 531 52-57,Шиномонтажник,27.5
965,Корнил,Беспалов,+7 (927) 683 96-01,Рихтовщик,19.0
966,Юлий,Никитин,+7 (966) 655 21-50,Кузовщик,31.6
967,Твердислав,Тимофеев,+7 (938) 111 65-90,Автомеханик,10.9
968,Радован,Захаров,+7 (971) 314 10-27,Шиномонтажник,10.2
969,Яков,Некрасов,+7 (973) 303 54-50,Шиномонтажник,6.2
970,Агап,Родионов,+7 (949) 259 85-15,Рихтовщик,12.5
971,Константин,Юдин,+7 (964) 588 56-00,Рихтовщик,30.0
972,Аким,Андреев,+7 (901) 264 14-05,Автоэлектрик,29.8
973,Борис,Ковалев,+7 (912) 130 84-46,Автомеханик,4.5
974,Ермил,Шарапов,+7 (921) 768 33-09,Автослесарь,12.5
975,Селиван,Кудряшов,+7 (904) 457 67-28,Автослесарь,13.0
976,Всеволод,Лихачев,+7 (982) 972 33-00,Автоэлектрик,10.6
977,Ульян,Щукин,+7 (947) 980 25-08,Автоэлектрик,13.6
978,Ферапонт,Громов,+7 (931) 516 35-02,Автослесарь,1.9
979,Федор,Орехов,+7 (965) 270 17-38,Автоэлектрик,6.1
980,Савва,Бирюков,+7 (903) 212 18-42,Автоэлектрик,27.1
981,Самсон,Кошелев,+7 (988) 887 12-46,Автоэлектрик,30.5
982,Андрей,Щукин,+7 (944) 373 48-20,Автомаляр,28.9
983,Глеб,Гордеев,+7 (955) 916 79-57,Автоэлектрик,11.0
984,Андроник,Гущин,+7 (956) 609 82-10,Кузовщик,14.9
985,Терентий,Логинов,+7 (936) 568 04-47,Шиномонтажник,21.6
986,Савелий,Щербаков,+7 (910) 745 58-14,Кузовщик,15.6
987,Ян,Киселев,+7 (990) 326 03-45,Автомеханик,25.3
988,Евдоким,Анисимов,+7 (964) 134 45-11,Автомеханик,29.4
989,Лавр,Жуков,+7 (957) 587 11-26,Автоэлектрик,8.9
990,Август,Князев,+7 (998) 224 03-72,Автоэлектрик,30.6
991,Денис,Данилов,+7 (949) 639 07-11,Рихтовщик,14.8
992,Святополк,Игнатов,+7 (977) 680 45-59,Автоэлектрик,7.4
993,Радим,Костин,+7 (937) 818 97-88,Кузовщик,2.4
994,Тихон,Сергеев,+7 (957) 915 31-38,Автоэлектрик,7.4
995,Пров,Рыбаков,+7 (945) 204 47-85,Рихтовщик,21.2
996,Фрол,Ермаков,+7 (962) 180 95-78,Рихтовщик,25.1
997,Панкратий,Казаков,+7 (925) 641 50-59,Рихтовщик,2.4
998,Харлампий,Панфилов,+7 (947) 458 29-12,Автоэлектрик,10.6
999,Олег,Алексеев,+7 (955) 660 41-24,Автомаляр,13.9
1000,Аристарх,Костин,+7 (962) 622 82-04,Автослесарь,23.5
